M00503R03_2019 Small Group Dental Sheet - Preferred_508,1CVBI9,2019-01-01
M00503R03_2019 Small Group Dental Sheet - Preferred_508,LDXEEQ,2019-01-01
M00503R03_2019 Small Group Dental Sheet - Preferred_508,1CVBI9,2019-02-01
M00503R03_2019 Small Group Dental Sheet - Preferred_508,LDXEEQ,2019-02-01
M00503R03_2019 Small Group Dental Sheet - Preferred_508,1CVBI9,2019-03-01
M00503R03_2019 Small Group Dental Sheet - Preferred_508,LDXEEQ,2019-03-01
M00503R03_2019 Small Group Dental Sheet - Preferred_508,1CVBI9,2019-04-01
M00503R03_2019 Small Group Dental Sheet - Preferred_508,LDXEEQ,2019-04-01
M00503R03_2019 Small Group Dental Sheet - Preferred_508,1CVBI9,2019-05-01
M00503R03_2019 Small Group Dental Sheet - Preferred_508,LDXEEQ,2019-05-01
M00503R03_2019 Small Group Dental Sheet - Preferred_508,1CVBI9,2019-06-01
M00503R03_2019 Small Group Dental Sheet - Preferred_508,LDXEEQ,2019-06-01
M00504R03_2019 Small Group Dental Sheet - Freedom_508,AAFZGA,2019-01-01
M00504R03_2019 Small Group Dental Sheet - Freedom_508,SSLP1Z,2019-01-01
M00504R03_2019 Small Group Dental Sheet - Freedom_508,AAFZGA,2019-02-01
M00504R03_2019 Small Group Dental Sheet - Freedom_508,SSLP1Z,2019-02-01
M00504R03_2019 Small Group Dental Sheet - Freedom_508,AAFZGA,2019-03-01
M00504R03_2019 Small Group Dental Sheet - Freedom_508,SSLP1Z,2019-03-01
M00504R03_2019 Small Group Dental Sheet - Freedom_508,AAFZGA,2019-04-01
M00504R03_2019 Small Group Dental Sheet - Freedom_508,SSLP1Z,2019-04-01
M00504R03_2019 Small Group Dental Sheet - Freedom_508,AAFZGA,2019-05-01
M00504R03_2019 Small Group Dental Sheet - Freedom_508,SSLP1Z,2019-05-01
M00504R03_2019 Small Group Dental Sheet - Freedom_508,AAFZGA,2019-06-01
M00504R03_2019 Small Group Dental Sheet - Freedom_508,SSLP1Z,2019-06-01
M00504R03_2019 Small Group Dental Sheet - Freedom_508,051MD7,2019-01-01
M00504R03_2019 Small Group Dental Sheet - Freedom_508,OSTN2I,2019-01-01
M00504R03_2019 Small Group Dental Sheet - Freedom_508,051MD7,2019-02-01
M00504R03_2019 Small Group Dental Sheet - Freedom_508,OSTN2I,2019-02-01
M00504R03_2019 Small Group Dental Sheet - Freedom_508,051MD7,2019-03-01
M00504R03_2019 Small Group Dental Sheet - Freedom_508,OSTN2I,2019-03-01
M00504R03_2019 Small Group Dental Sheet - Freedom_508,051MD7,2019-04-01
M00504R03_2019 Small Group Dental Sheet - Freedom_508,OSTN2I,2019-04-01
M00504R03_2019 Small Group Dental Sheet - Freedom_508,051MD7,2019-05-01
M00504R03_2019 Small Group Dental Sheet - Freedom_508,OSTN2I,2019-05-01
M00504R03_2019 Small Group Dental Sheet - Freedom_508,051MD7,2019-06-01
M00504R03_2019 Small Group Dental Sheet - Freedom_508,OSTN2I,2019-06-01
M00504R03_2019 Small Group Dental Sheet - Freedom_508,6GYPVN,2019-01-01
M00504R03_2019 Small Group Dental Sheet - Freedom_508,VDB59H,2019-01-01
M00504R03_2019 Small Group Dental Sheet - Freedom_508,6GYPVN,2019-02-01
M00504R03_2019 Small Group Dental Sheet - Freedom_508,VDB59H,2019-02-01
M00504R03_2019 Small Group Dental Sheet - Freedom_508,6GYPVN,2019-03-01
M00504R03_2019 Small Group Dental Sheet - Freedom_508,VDB59H,2019-03-01
M00504R03_2019 Small Group Dental Sheet - Freedom_508,6GYPVN,2019-04-01
M00504R03_2019 Small Group Dental Sheet - Freedom_508,VDB59H,2019-04-01
M00504R03_2019 Small Group Dental Sheet - Freedom_508,6GYPVN,2019-05-01
M00504R03_2019 Small Group Dental Sheet - Freedom_508,VDB59H,2019-05-01
M00504R03_2019 Small Group Dental Sheet - Freedom_508,6GYPVN,2019-06-01
M00504R03_2019 Small Group Dental Sheet - Freedom_508,VDB59H,2019-06-01
M00504R03_2019 Small Group Dental Sheet - Freedom_508,CSI42Q,2019-01-01
M00504R03_2019 Small Group Dental Sheet - Freedom_508,J1E5TR,2019-01-01
M00504R03_2019 Small Group Dental Sheet - Freedom_508,CSI42Q,2019-02-01
M00504R03_2019 Small Group Dental Sheet - Freedom_508,J1E5TR,2019-02-01
M00504R03_2019 Small Group Dental Sheet - Freedom_508,CSI42Q,2019-03-01
M00504R03_2019 Small Group Dental Sheet - Freedom_508,J1E5TR,2019-03-01
M00504R03_2019 Small Group Dental Sheet - Freedom_508,CSI42Q,2019-04-01
M00504R03_2019 Small Group Dental Sheet - Freedom_508,J1E5TR,2019-04-01
M00504R03_2019 Small Group Dental Sheet - Freedom_508,CSI42Q,2019-05-01
M00504R03_2019 Small Group Dental Sheet - Freedom_508,J1E5TR,2019-05-01
M00504R03_2019 Small Group Dental Sheet - Freedom_508,CSI42Q,2019-06-01
M00504R03_2019 Small Group Dental Sheet - Freedom_508,J1E5TR,2019-06-01
M00504R03_2019 Small Group Dental Sheet - Freedom_508,28K1RR,2019-01-01
M00504R03_2019 Small Group Dental Sheet - Freedom_508,B69RDP,2019-01-01
M00504R03_2019 Small Group Dental Sheet - Freedom_508,28K1RR,2019-02-01
M00504R03_2019 Small Group Dental Sheet - Freedom_508,B69RDP,2019-02-01
M00504R03_2019 Small Group Dental Sheet - Freedom_508,28K1RR,2019-03-01
M00504R03_2019 Small Group Dental Sheet - Freedom_508,B69RDP,2019-03-01
M00504R03_2019 Small Group Dental Sheet - Freedom_508,28K1RR,2019-04-01
M00504R03_2019 Small Group Dental Sheet - Freedom_508,B69RDP,2019-04-01
M00504R03_2019 Small Group Dental Sheet - Freedom_508,28K1RR,2019-05-01
M00504R03_2019 Small Group Dental Sheet - Freedom_508,B69RDP,2019-05-01
M00504R03_2019 Small Group Dental Sheet - Freedom_508,28K1RR,2019-06-01
M00504R03_2019 Small Group Dental Sheet - Freedom_508,B69RDP,2019-06-01
M00504R03_2019 Small Group Dental Sheet - Freedom_508,5NFLMG,2019-01-01
M00504R03_2019 Small Group Dental Sheet - Freedom_508,KC0GZ9,2019-01-01
M00504R03_2019 Small Group Dental Sheet - Freedom_508,5NFLMG,2019-02-01
M00504R03_2019 Small Group Dental Sheet - Freedom_508,KC0GZ9,2019-02-01
M00504R03_2019 Small Group Dental Sheet - Freedom_508,5NFLMG,2019-03-01
M00504R03_2019 Small Group Dental Sheet - Freedom_508,KC0GZ9,2019-03-01
M00504R03_2019 Small Group Dental Sheet - Freedom_508,5NFLMG,2019-04-01
M00504R03_2019 Small Group Dental Sheet - Freedom_508,KC0GZ9,2019-04-01
M00504R03_2019 Small Group Dental Sheet - Freedom_508,5NFLMG,2019-05-01
M00504R03_2019 Small Group Dental Sheet - Freedom_508,KC0GZ9,2019-05-01
M00504R03_2019 Small Group Dental Sheet - Freedom_508,5NFLMG,2019-06-01
M00504R03_2019 Small Group Dental Sheet - Freedom_508,KC0GZ9,2019-06-01
M00503R03_2019 Small Group Dental Sheet - Preferred_508,BX4SJG,2019-01-01
M00503R03_2019 Small Group Dental Sheet - Preferred_508,H0Z97A,2019-01-01
M00503R03_2019 Small Group Dental Sheet - Preferred_508,BX4SJG,2019-02-01
M00503R03_2019 Small Group Dental Sheet - Preferred_508,H0Z97A,2019-02-01
M00503R03_2019 Small Group Dental Sheet - Preferred_508,BX4SJG,2019-03-01
M00503R03_2019 Small Group Dental Sheet - Preferred_508,H0Z97A,2019-03-01
M00503R03_2019 Small Group Dental Sheet - Preferred_508,BX4SJG,2019-04-01
M00503R03_2019 Small Group Dental Sheet - Preferred_508,H0Z97A,2019-04-01
M00503R03_2019 Small Group Dental Sheet - Preferred_508,BX4SJG,2019-05-01
M00503R03_2019 Small Group Dental Sheet - Preferred_508,H0Z97A,2019-05-01
M00503R03_2019 Small Group Dental Sheet - Preferred_508,BX4SJG,2019-06-01
M00503R03_2019 Small Group Dental Sheet - Preferred_508,H0Z97A,2019-06-01
M00503R03_2019 Small Group Dental Sheet - Preferred_508,6BHVPN,2019-01-01
M00503R03_2019 Small Group Dental Sheet - Preferred_508,UJ8CDX,2019-01-01
M00503R03_2019 Small Group Dental Sheet - Preferred_508,6BHVPN,2019-02-01
M00503R03_2019 Small Group Dental Sheet - Preferred_508,UJ8CDX,2019-02-01
M00503R03_2019 Small Group Dental Sheet - Preferred_508,6BHVPN,2019-03-01
M00503R03_2019 Small Group Dental Sheet - Preferred_508,UJ8CDX,2019-03-01
M00503R03_2019 Small Group Dental Sheet - Preferred_508,6BHVPN,2019-04-01
M00503R03_2019 Small Group Dental Sheet - Preferred_508,UJ8CDX,2019-04-01
M00503R03_2019 Small Group Dental Sheet - Preferred_508,6BHVPN,2019-05-01
M00503R03_2019 Small Group Dental Sheet - Preferred_508,UJ8CDX,2019-05-01
M00503R03_2019 Small Group Dental Sheet - Preferred_508,6BHVPN,2019-06-01
M00503R03_2019 Small Group Dental Sheet - Preferred_508,UJ8CDX,2019-06-01
M00503R03_2019 Small Group Dental Sheet - Preferred_508,1EHMRE,2019-01-01
M00503R03_2019 Small Group Dental Sheet - Preferred_508,H2E8WB,2019-01-01
M00503R03_2019 Small Group Dental Sheet - Preferred_508,1EHMRE,2019-02-01
M00503R03_2019 Small Group Dental Sheet - Preferred_508,H2E8WB,2019-02-01
M00503R03_2019 Small Group Dental Sheet - Preferred_508,1EHMRE,2019-03-01
M00503R03_2019 Small Group Dental Sheet - Preferred_508,H2E8WB,2019-03-01
M00503R03_2019 Small Group Dental Sheet - Preferred_508,1EHMRE,2019-04-01
M00503R03_2019 Small Group Dental Sheet - Preferred_508,H2E8WB,2019-04-01
M00503R03_2019 Small Group Dental Sheet - Preferred_508,1EHMRE,2019-05-01
M00503R03_2019 Small Group Dental Sheet - Preferred_508,H2E8WB,2019-05-01
M00503R03_2019 Small Group Dental Sheet - Preferred_508,1EHMRE,2019-06-01
M00503R03_2019 Small Group Dental Sheet - Preferred_508,H2E8WB,2019-06-01
M00503R03_2019 Small Group Dental Sheet - Preferred_508,HSCUS9,2019-01-01
M00503R03_2019 Small Group Dental Sheet - Preferred_508,P9FODD,2019-01-01
M00503R03_2019 Small Group Dental Sheet - Preferred_508,HSCUS9,2019-02-01
M00503R03_2019 Small Group Dental Sheet - Preferred_508,P9FODD,2019-02-01
M00503R03_2019 Small Group Dental Sheet - Preferred_508,HSCUS9,2019-03-01
M00503R03_2019 Small Group Dental Sheet - Preferred_508,P9FODD,2019-03-01
M00503R03_2019 Small Group Dental Sheet - Preferred_508,HSCUS9,2019-04-01
M00503R03_2019 Small Group Dental Sheet - Preferred_508,P9FODD,2019-04-01
M00503R03_2019 Small Group Dental Sheet - Preferred_508,HSCUS9,2019-05-01
M00503R03_2019 Small Group Dental Sheet - Preferred_508,P9FODD,2019-05-01
M00503R03_2019 Small Group Dental Sheet - Preferred_508,HSCUS9,2019-06-01
M00503R03_2019 Small Group Dental Sheet - Preferred_508,P9FODD,2019-06-01
M00504R03_2019 Small Group Dental Sheet - Freedom_508,9ZC03Z,2019-01-01
M00504R03_2019 Small Group Dental Sheet - Freedom_508,P3ABK2,2019-01-01
M00504R03_2019 Small Group Dental Sheet - Freedom_508,9ZC03Z,2019-02-01
M00504R03_2019 Small Group Dental Sheet - Freedom_508,P3ABK2,2019-02-01
M00504R03_2019 Small Group Dental Sheet - Freedom_508,9ZC03Z,2019-03-01
M00504R03_2019 Small Group Dental Sheet - Freedom_508,P3ABK2,2019-03-01
M00504R03_2019 Small Group Dental Sheet - Freedom_508,9ZC03Z,2019-04-01
M00504R03_2019 Small Group Dental Sheet - Freedom_508,P3ABK2,2019-04-01
M00504R03_2019 Small Group Dental Sheet - Freedom_508,9ZC03Z,2019-05-01
M00504R03_2019 Small Group Dental Sheet - Freedom_508,P3ABK2,2019-05-01
M00504R03_2019 Small Group Dental Sheet - Freedom_508,9ZC03Z,2019-06-01
M00504R03_2019 Small Group Dental Sheet - Freedom_508,P3ABK2,2019-06-01
M00503R03_2019 Small Group Dental Sheet - Preferred_508,B2YWWV,2019-01-01
M00503R03_2019 Small Group Dental Sheet - Preferred_508,XNZAQ1,2019-01-01
M00503R03_2019 Small Group Dental Sheet - Preferred_508,B2YWWV,2019-02-01
M00503R03_2019 Small Group Dental Sheet - Preferred_508,XNZAQ1,2019-02-01
M00503R03_2019 Small Group Dental Sheet - Preferred_508,B2YWWV,2019-03-01
M00503R03_2019 Small Group Dental Sheet - Preferred_508,XNZAQ1,2019-03-01
M00503R03_2019 Small Group Dental Sheet - Preferred_508,B2YWWV,2019-04-01
M00503R03_2019 Small Group Dental Sheet - Preferred_508,XNZAQ1,2019-04-01
M00503R03_2019 Small Group Dental Sheet - Preferred_508,B2YWWV,2019-05-01
M00503R03_2019 Small Group Dental Sheet - Preferred_508,XNZAQ1,2019-05-01
M00503R03_2019 Small Group Dental Sheet - Preferred_508,B2YWWV,2019-06-01
M00503R03_2019 Small Group Dental Sheet - Preferred_508,XNZAQ1,2019-06-01
M00503R03_2019 Small Group Dental Sheet - Preferred_508,DXN693,2019-01-01
M00503R03_2019 Small Group Dental Sheet - Preferred_508,NW4BG3,2019-01-01
M00503R03_2019 Small Group Dental Sheet - Preferred_508,DXN693,2019-02-01
M00503R03_2019 Small Group Dental Sheet - Preferred_508,NW4BG3,2019-02-01
M00503R03_2019 Small Group Dental Sheet - Preferred_508,DXN693,2019-03-01
M00503R03_2019 Small Group Dental Sheet - Preferred_508,NW4BG3,2019-03-01
M00503R03_2019 Small Group Dental Sheet - Preferred_508,DXN693,2019-04-01
M00503R03_2019 Small Group Dental Sheet - Preferred_508,NW4BG3,2019-04-01
M00503R03_2019 Small Group Dental Sheet - Preferred_508,DXN693,2019-05-01
M00503R03_2019 Small Group Dental Sheet - Preferred_508,NW4BG3,2019-05-01
M00503R03_2019 Small Group Dental Sheet - Preferred_508,DXN693,2019-06-01
M00503R03_2019 Small Group Dental Sheet - Preferred_508,NW4BG3,2019-06-01
M00503R03_2019 Small Group Dental Sheet - Preferred_508,EKOHVG,2019-01-01
M00503R03_2019 Small Group Dental Sheet - Preferred_508,ISSIL7,2019-01-01
M00503R03_2019 Small Group Dental Sheet - Preferred_508,EKOHVG,2019-02-01
M00503R03_2019 Small Group Dental Sheet - Preferred_508,ISSIL7,2019-02-01
M00503R03_2019 Small Group Dental Sheet - Preferred_508,EKOHVG,2019-03-01
M00503R03_2019 Small Group Dental Sheet - Preferred_508,ISSIL7,2019-03-01
M00503R03_2019 Small Group Dental Sheet - Preferred_508,EKOHVG,2019-04-01
M00503R03_2019 Small Group Dental Sheet - Preferred_508,ISSIL7,2019-04-01
M00503R03_2019 Small Group Dental Sheet - Preferred_508,EKOHVG,2019-05-01
M00503R03_2019 Small Group Dental Sheet - Preferred_508,ISSIL7,2019-05-01
M00503R03_2019 Small Group Dental Sheet - Preferred_508,EKOHVG,2019-06-01
M00503R03_2019 Small Group Dental Sheet - Preferred_508,ISSIL7,2019-06-01
M00503R03_2019 Small Group Dental Sheet - Preferred_508,2JWJQ5,2019-01-01
M00503R03_2019 Small Group Dental Sheet - Preferred_508,KYDDES,2019-01-01
M00503R03_2019 Small Group Dental Sheet - Preferred_508,2JWJQ5,2019-02-01
M00503R03_2019 Small Group Dental Sheet - Preferred_508,KYDDES,2019-02-01
M00503R03_2019 Small Group Dental Sheet - Preferred_508,2JWJQ5,2019-03-01
M00503R03_2019 Small Group Dental Sheet - Preferred_508,KYDDES,2019-03-01
M00503R03_2019 Small Group Dental Sheet - Preferred_508,2JWJQ5,2019-04-01
M00503R03_2019 Small Group Dental Sheet - Preferred_508,KYDDES,2019-04-01
M00503R03_2019 Small Group Dental Sheet - Preferred_508,2JWJQ5,2019-05-01
M00503R03_2019 Small Group Dental Sheet - Preferred_508,KYDDES,2019-05-01
M00503R03_2019 Small Group Dental Sheet - Preferred_508,2JWJQ5,2019-06-01
M00503R03_2019 Small Group Dental Sheet - Preferred_508,KYDDES,2019-06-01
M00503R03_2019 Small Group Dental Sheet - Preferred_508,LH8KR5,2019-01-01
M00503R03_2019 Small Group Dental Sheet - Preferred_508,WDXRK9,2019-01-01
M00503R03_2019 Small Group Dental Sheet - Preferred_508,LH8KR5,2019-02-01
M00503R03_2019 Small Group Dental Sheet - Preferred_508,WDXRK9,2019-02-01
M00503R03_2019 Small Group Dental Sheet - Preferred_508,LH8KR5,2019-03-01
M00503R03_2019 Small Group Dental Sheet - Preferred_508,WDXRK9,2019-03-01
M00503R03_2019 Small Group Dental Sheet - Preferred_508,LH8KR5,2019-04-01
M00503R03_2019 Small Group Dental Sheet - Preferred_508,WDXRK9,2019-04-01
M00503R03_2019 Small Group Dental Sheet - Preferred_508,LH8KR5,2019-05-01
M00503R03_2019 Small Group Dental Sheet - Preferred_508,WDXRK9,2019-05-01
M00503R03_2019 Small Group Dental Sheet - Preferred_508,LH8KR5,2019-06-01
M00503R03_2019 Small Group Dental Sheet - Preferred_508,WDXRK9,2019-06-01
M00504R03_2019 Small Group Dental Sheet - Freedom_508,3O0X8I,2019-01-01
M00504R03_2019 Small Group Dental Sheet - Freedom_508,REBLZM,2019-01-01
M00504R03_2019 Small Group Dental Sheet - Freedom_508,3O0X8I,2019-02-01
M00504R03_2019 Small Group Dental Sheet - Freedom_508,REBLZM,2019-02-01
M00504R03_2019 Small Group Dental Sheet - Freedom_508,3O0X8I,2019-03-01
M00504R03_2019 Small Group Dental Sheet - Freedom_508,REBLZM,2019-03-01
M00504R03_2019 Small Group Dental Sheet - Freedom_508,3O0X8I,2019-04-01
M00504R03_2019 Small Group Dental Sheet - Freedom_508,REBLZM,2019-04-01
M00504R03_2019 Small Group Dental Sheet - Freedom_508,3O0X8I,2019-05-01
M00504R03_2019 Small Group Dental Sheet - Freedom_508,REBLZM,2019-05-01
M00504R03_2019 Small Group Dental Sheet - Freedom_508,3O0X8I,2019-06-01
M00504R03_2019 Small Group Dental Sheet - Freedom_508,REBLZM,2019-06-01
M00504R03_2019 Small Group Dental Sheet - Freedom_508,CN2SLH,2019-01-01
M00504R03_2019 Small Group Dental Sheet - Freedom_508,WPF1FW,2019-01-01
M00504R03_2019 Small Group Dental Sheet - Freedom_508,CN2SLH,2019-02-01
M00504R03_2019 Small Group Dental Sheet - Freedom_508,WPF1FW,2019-02-01
M00504R03_2019 Small Group Dental Sheet - Freedom_508,CN2SLH,2019-03-01
M00504R03_2019 Small Group Dental Sheet - Freedom_508,WPF1FW,2019-03-01
M00504R03_2019 Small Group Dental Sheet - Freedom_508,CN2SLH,2019-04-01
M00504R03_2019 Small Group Dental Sheet - Freedom_508,WPF1FW,2019-04-01
M00504R03_2019 Small Group Dental Sheet - Freedom_508,CN2SLH,2019-05-01
M00504R03_2019 Small Group Dental Sheet - Freedom_508,WPF1FW,2019-05-01
M00504R03_2019 Small Group Dental Sheet - Freedom_508,CN2SLH,2019-06-01
M00504R03_2019 Small Group Dental Sheet - Freedom_508,WPF1FW,2019-06-01
M00503R03_2019 Small Group Dental Sheet - Preferred_508,7UKMMU,2019-01-01
M00503R03_2019 Small Group Dental Sheet - Preferred_508,NA13,2019-01-01
M00503R03_2019 Small Group Dental Sheet - Preferred_508,P0LEPK,2019-01-01
M00503R03_2019 Small Group Dental Sheet - Preferred_508,URW4ZM,2019-01-01
M00503R03_2019 Small Group Dental Sheet - Preferred_508,7UKMMU,2019-02-01
M00503R03_2019 Small Group Dental Sheet - Preferred_508,NA13,2019-02-01
M00503R03_2019 Small Group Dental Sheet - Preferred_508,P0LEPK,2019-02-01
M00503R03_2019 Small Group Dental Sheet - Preferred_508,URW4ZM,2019-02-01
M00503R03_2019 Small Group Dental Sheet - Preferred_508,7UKMMU,2019-03-01
M00503R03_2019 Small Group Dental Sheet - Preferred_508,NA13,2019-03-01
M00503R03_2019 Small Group Dental Sheet - Preferred_508,P0LEPK,2019-03-01
M00503R03_2019 Small Group Dental Sheet - Preferred_508,URW4ZM,2019-03-01
M00503R03_2019 Small Group Dental Sheet - Preferred_508,7UKMMU,2019-04-01
M00503R03_2019 Small Group Dental Sheet - Preferred_508,NA13,2019-04-01
M00503R03_2019 Small Group Dental Sheet - Preferred_508,P0LEPK,2019-04-01
M00503R03_2019 Small Group Dental Sheet - Preferred_508,URW4ZM,2019-04-01
M00503R03_2019 Small Group Dental Sheet - Preferred_508,7UKMMU,2019-05-01
M00503R03_2019 Small Group Dental Sheet - Preferred_508,NA13,2019-05-01
M00503R03_2019 Small Group Dental Sheet - Preferred_508,P0LEPK,2019-05-01
M00503R03_2019 Small Group Dental Sheet - Preferred_508,URW4ZM,2019-05-01
M00503R03_2019 Small Group Dental Sheet - Preferred_508,7UKMMU,2019-06-01
M00503R03_2019 Small Group Dental Sheet - Preferred_508,NA13,2019-06-01
M00503R03_2019 Small Group Dental Sheet - Preferred_508,P0LEPK,2019-06-01
M00503R03_2019 Small Group Dental Sheet - Preferred_508,URW4ZM,2019-06-01
M00504R03_2019 Small Group Dental Sheet - Freedom_508,3Z19X9,2019-01-01
M00504R03_2019 Small Group Dental Sheet - Freedom_508,7IU8KL,2019-01-01
M00504R03_2019 Small Group Dental Sheet - Freedom_508,9GBAIC,2019-01-01
M00504R03_2019 Small Group Dental Sheet - Freedom_508,NA3,2019-01-01
M00504R03_2019 Small Group Dental Sheet - Freedom_508,3Z19X9,2019-02-01
M00504R03_2019 Small Group Dental Sheet - Freedom_508,7IU8KL,2019-02-01
M00504R03_2019 Small Group Dental Sheet - Freedom_508,9GBAIC,2019-02-01
M00504R03_2019 Small Group Dental Sheet - Freedom_508,NA3,2019-02-01
M00504R03_2019 Small Group Dental Sheet - Freedom_508,3Z19X9,2019-03-01
M00504R03_2019 Small Group Dental Sheet - Freedom_508,7IU8KL,2019-03-01
M00504R03_2019 Small Group Dental Sheet - Freedom_508,9GBAIC,2019-03-01
M00504R03_2019 Small Group Dental Sheet - Freedom_508,NA3,2019-03-01
M00504R03_2019 Small Group Dental Sheet - Freedom_508,3Z19X9,2019-04-01
M00504R03_2019 Small Group Dental Sheet - Freedom_508,7IU8KL,2019-04-01
M00504R03_2019 Small Group Dental Sheet - Freedom_508,9GBAIC,2019-04-01
M00504R03_2019 Small Group Dental Sheet - Freedom_508,NA3,2019-04-01
M00504R03_2019 Small Group Dental Sheet - Freedom_508,3Z19X9,2019-05-01
M00504R03_2019 Small Group Dental Sheet - Freedom_508,7IU8KL,2019-05-01
M00504R03_2019 Small Group Dental Sheet - Freedom_508,9GBAIC,2019-05-01
M00504R03_2019 Small Group Dental Sheet - Freedom_508,NA3,2019-05-01
M00504R03_2019 Small Group Dental Sheet - Freedom_508,3Z19X9,2019-06-01
M00504R03_2019 Small Group Dental Sheet - Freedom_508,7IU8KL,2019-06-01
M00504R03_2019 Small Group Dental Sheet - Freedom_508,9GBAIC,2019-06-01
M00504R03_2019 Small Group Dental Sheet - Freedom_508,NA3,2019-06-01
M00503R03_2019 Small Group Dental Sheet - Preferred_508,4E4K38,2019-01-01
M00503R03_2019 Small Group Dental Sheet - Preferred_508,NA6,2019-01-01
M00503R03_2019 Small Group Dental Sheet - Preferred_508,VHKLWX,2019-01-01
M00503R03_2019 Small Group Dental Sheet - Preferred_508,Y7EOR2,2019-01-01
M00503R03_2019 Small Group Dental Sheet - Preferred_508,4E4K38,2019-02-01
M00503R03_2019 Small Group Dental Sheet - Preferred_508,NA6,2019-02-01
M00503R03_2019 Small Group Dental Sheet - Preferred_508,VHKLWX,2019-02-01
M00503R03_2019 Small Group Dental Sheet - Preferred_508,Y7EOR2,2019-02-01
M00503R03_2019 Small Group Dental Sheet - Preferred_508,4E4K38,2019-03-01
M00503R03_2019 Small Group Dental Sheet - Preferred_508,NA6,2019-03-01
M00503R03_2019 Small Group Dental Sheet - Preferred_508,VHKLWX,2019-03-01
M00503R03_2019 Small Group Dental Sheet - Preferred_508,Y7EOR2,2019-03-01
M00503R03_2019 Small Group Dental Sheet - Preferred_508,4E4K38,2019-04-01
M00503R03_2019 Small Group Dental Sheet - Preferred_508,NA6,2019-04-01
M00503R03_2019 Small Group Dental Sheet - Preferred_508,VHKLWX,2019-04-01
M00503R03_2019 Small Group Dental Sheet - Preferred_508,Y7EOR2,2019-04-01
M00503R03_2019 Small Group Dental Sheet - Preferred_508,4E4K38,2019-05-01
M00503R03_2019 Small Group Dental Sheet - Preferred_508,NA6,2019-05-01
M00503R03_2019 Small Group Dental Sheet - Preferred_508,VHKLWX,2019-05-01
M00503R03_2019 Small Group Dental Sheet - Preferred_508,Y7EOR2,2019-05-01
M00503R03_2019 Small Group Dental Sheet - Preferred_508,4E4K38,2019-06-01
M00503R03_2019 Small Group Dental Sheet - Preferred_508,NA6,2019-06-01
M00503R03_2019 Small Group Dental Sheet - Preferred_508,VHKLWX,2019-06-01
M00503R03_2019 Small Group Dental Sheet - Preferred_508,Y7EOR2,2019-06-01
M00503R03_2019 Small Group Dental Sheet - Preferred_508,4N3VK5,2019-01-01
M00503R03_2019 Small Group Dental Sheet - Preferred_508,EJ4FQY,2019-01-01
M00503R03_2019 Small Group Dental Sheet - Preferred_508,NA14,2019-01-01
M00503R03_2019 Small Group Dental Sheet - Preferred_508,UVJYOL,2019-01-01
M00503R03_2019 Small Group Dental Sheet - Preferred_508,4N3VK5,2019-02-01
M00503R03_2019 Small Group Dental Sheet - Preferred_508,EJ4FQY,2019-02-01
M00503R03_2019 Small Group Dental Sheet - Preferred_508,NA14,2019-02-01
M00503R03_2019 Small Group Dental Sheet - Preferred_508,UVJYOL,2019-02-01
M00503R03_2019 Small Group Dental Sheet - Preferred_508,4N3VK5,2019-03-01
M00503R03_2019 Small Group Dental Sheet - Preferred_508,EJ4FQY,2019-03-01
M00503R03_2019 Small Group Dental Sheet - Preferred_508,NA14,2019-03-01
M00503R03_2019 Small Group Dental Sheet - Preferred_508,UVJYOL,2019-03-01
M00503R03_2019 Small Group Dental Sheet - Preferred_508,4N3VK5,2019-04-01
M00503R03_2019 Small Group Dental Sheet - Preferred_508,EJ4FQY,2019-04-01
M00503R03_2019 Small Group Dental Sheet - Preferred_508,NA14,2019-04-01
M00503R03_2019 Small Group Dental Sheet - Preferred_508,UVJYOL,2019-04-01
M00503R03_2019 Small Group Dental Sheet - Preferred_508,4N3VK5,2019-05-01
M00503R03_2019 Small Group Dental Sheet - Preferred_508,EJ4FQY,2019-05-01
M00503R03_2019 Small Group Dental Sheet - Preferred_508,NA14,2019-05-01
M00503R03_2019 Small Group Dental Sheet - Preferred_508,UVJYOL,2019-05-01
M00503R03_2019 Small Group Dental Sheet - Preferred_508,4N3VK5,2019-06-01
M00503R03_2019 Small Group Dental Sheet - Preferred_508,EJ4FQY,2019-06-01
M00503R03_2019 Small Group Dental Sheet - Preferred_508,NA14,2019-06-01
M00503R03_2019 Small Group Dental Sheet - Preferred_508,UVJYOL,2019-06-01
M00504R03_2019 Small Group Dental Sheet - Freedom_508,XPANLK,2019-01-01
M00504R03_2019 Small Group Dental Sheet - Freedom_508,XRRAK8,2019-01-01
M00504R03_2019 Small Group Dental Sheet - Freedom_508,XPANLK,2019-02-01
M00504R03_2019 Small Group Dental Sheet - Freedom_508,XRRAK8,2019-02-01
M00504R03_2019 Small Group Dental Sheet - Freedom_508,XPANLK,2019-03-01
M00504R03_2019 Small Group Dental Sheet - Freedom_508,XRRAK8,2019-03-01
M00504R03_2019 Small Group Dental Sheet - Freedom_508,XPANLK,2019-04-01
M00504R03_2019 Small Group Dental Sheet - Freedom_508,XRRAK8,2019-04-01
M00504R03_2019 Small Group Dental Sheet - Freedom_508,XPANLK,2019-05-01
M00504R03_2019 Small Group Dental Sheet - Freedom_508,XRRAK8,2019-05-01
M00504R03_2019 Small Group Dental Sheet - Freedom_508,XPANLK,2019-06-01
M00504R03_2019 Small Group Dental Sheet - Freedom_508,XRRAK8,2019-06-01
M00504R03_2019 Small Group Dental Sheet - Freedom_508,04SAWD,2019-01-01
M00504R03_2019 Small Group Dental Sheet - Freedom_508,9WZW87,2019-01-01
M00504R03_2019 Small Group Dental Sheet - Freedom_508,LTJDUB,2019-01-01
M00504R03_2019 Small Group Dental Sheet - Freedom_508,NA11,2019-01-01
M00504R03_2019 Small Group Dental Sheet - Freedom_508,04SAWD,2019-02-01
M00504R03_2019 Small Group Dental Sheet - Freedom_508,9WZW87,2019-02-01
M00504R03_2019 Small Group Dental Sheet - Freedom_508,LTJDUB,2019-02-01
M00504R03_2019 Small Group Dental Sheet - Freedom_508,NA11,2019-02-01
M00504R03_2019 Small Group Dental Sheet - Freedom_508,04SAWD,2019-03-01
M00504R03_2019 Small Group Dental Sheet - Freedom_508,9WZW87,2019-03-01
M00504R03_2019 Small Group Dental Sheet - Freedom_508,LTJDUB,2019-03-01
M00504R03_2019 Small Group Dental Sheet - Freedom_508,NA11,2019-03-01
M00504R03_2019 Small Group Dental Sheet - Freedom_508,04SAWD,2019-04-01
M00504R03_2019 Small Group Dental Sheet - Freedom_508,9WZW87,2019-04-01
M00504R03_2019 Small Group Dental Sheet - Freedom_508,LTJDUB,2019-04-01
M00504R03_2019 Small Group Dental Sheet - Freedom_508,NA11,2019-04-01
M00504R03_2019 Small Group Dental Sheet - Freedom_508,04SAWD,2019-05-01
M00504R03_2019 Small Group Dental Sheet - Freedom_508,9WZW87,2019-05-01
M00504R03_2019 Small Group Dental Sheet - Freedom_508,LTJDUB,2019-05-01
M00504R03_2019 Small Group Dental Sheet - Freedom_508,NA11,2019-05-01
M00504R03_2019 Small Group Dental Sheet - Freedom_508,04SAWD,2019-06-01
M00504R03_2019 Small Group Dental Sheet - Freedom_508,9WZW87,2019-06-01
M00504R03_2019 Small Group Dental Sheet - Freedom_508,LTJDUB,2019-06-01
M00504R03_2019 Small Group Dental Sheet - Freedom_508,NA11,2019-06-01
M00504R03_2019 Small Group Dental Sheet - Freedom_508,HSO34H,2019-01-01
M00504R03_2019 Small Group Dental Sheet - Freedom_508,RAHY8K,2019-01-01
M00504R03_2019 Small Group Dental Sheet - Freedom_508,HSO34H,2019-02-01
M00504R03_2019 Small Group Dental Sheet - Freedom_508,RAHY8K,2019-02-01
M00504R03_2019 Small Group Dental Sheet - Freedom_508,HSO34H,2019-03-01
M00504R03_2019 Small Group Dental Sheet - Freedom_508,RAHY8K,2019-03-01
M00504R03_2019 Small Group Dental Sheet - Freedom_508,HSO34H,2019-04-01
M00504R03_2019 Small Group Dental Sheet - Freedom_508,RAHY8K,2019-04-01
M00504R03_2019 Small Group Dental Sheet - Freedom_508,HSO34H,2019-05-01
M00504R03_2019 Small Group Dental Sheet - Freedom_508,RAHY8K,2019-05-01
M00504R03_2019 Small Group Dental Sheet - Freedom_508,HSO34H,2019-06-01
M00504R03_2019 Small Group Dental Sheet - Freedom_508,RAHY8K,2019-06-01
M00504R03_2019 Small Group Dental Sheet - Freedom_508,8XSU2X,2019-01-01
M00504R03_2019 Small Group Dental Sheet - Freedom_508,FXSP60,2019-01-01
M00504R03_2019 Small Group Dental Sheet - Freedom_508,8XSU2X,2019-02-01
M00504R03_2019 Small Group Dental Sheet - Freedom_508,FXSP60,2019-02-01
M00504R03_2019 Small Group Dental Sheet - Freedom_508,8XSU2X,2019-03-01
M00504R03_2019 Small Group Dental Sheet - Freedom_508,FXSP60,2019-03-01
M00504R03_2019 Small Group Dental Sheet - Freedom_508,8XSU2X,2019-04-01
M00504R03_2019 Small Group Dental Sheet - Freedom_508,FXSP60,2019-04-01
M00504R03_2019 Small Group Dental Sheet - Freedom_508,8XSU2X,2019-05-01
M00504R03_2019 Small Group Dental Sheet - Freedom_508,FXSP60,2019-05-01
M00504R03_2019 Small Group Dental Sheet - Freedom_508,8XSU2X,2019-06-01
M00504R03_2019 Small Group Dental Sheet - Freedom_508,FXSP60,2019-06-01
M00504R03_2019 Small Group Dental Sheet - Freedom_508,9R7OH3,2019-01-01
M00504R03_2019 Small Group Dental Sheet - Freedom_508,L3QJ65,2019-01-01
M00504R03_2019 Small Group Dental Sheet - Freedom_508,9R7OH3,2019-02-01
M00504R03_2019 Small Group Dental Sheet - Freedom_508,L3QJ65,2019-02-01
M00504R03_2019 Small Group Dental Sheet - Freedom_508,9R7OH3,2019-03-01
M00504R03_2019 Small Group Dental Sheet - Freedom_508,L3QJ65,2019-03-01
M00504R03_2019 Small Group Dental Sheet - Freedom_508,9R7OH3,2019-04-01
M00504R03_2019 Small Group Dental Sheet - Freedom_508,L3QJ65,2019-04-01
M00504R03_2019 Small Group Dental Sheet - Freedom_508,9R7OH3,2019-05-01
M00504R03_2019 Small Group Dental Sheet - Freedom_508,L3QJ65,2019-05-01
M00504R03_2019 Small Group Dental Sheet - Freedom_508,9R7OH3,2019-06-01
M00504R03_2019 Small Group Dental Sheet - Freedom_508,L3QJ65,2019-06-01
M00505R02_2019 Small Group Dental Sheet - Value_508,7G3ZWX,2019-01-01
M00505R02_2019 Small Group Dental Sheet - Value_508,NA2,2019-01-01
M00505R02_2019 Small Group Dental Sheet - Value_508,NA20,2019-01-01
M00505R02_2019 Small Group Dental Sheet - Value_508,NA24,2019-01-01
M00505R02_2019 Small Group Dental Sheet - Value_508,7G3ZWX,2019-02-01
M00505R02_2019 Small Group Dental Sheet - Value_508,NA2,2019-02-01
M00505R02_2019 Small Group Dental Sheet - Value_508,NA20,2019-02-01
M00505R02_2019 Small Group Dental Sheet - Value_508,NA24,2019-02-01
M00505R02_2019 Small Group Dental Sheet - Value_508,7G3ZWX,2019-03-01
M00505R02_2019 Small Group Dental Sheet - Value_508,NA2,2019-03-01
M00505R02_2019 Small Group Dental Sheet - Value_508,NA20,2019-03-01
M00505R02_2019 Small Group Dental Sheet - Value_508,NA24,2019-03-01
M00505R02_2019 Small Group Dental Sheet - Value_508,7G3ZWX,2019-04-01
M00505R02_2019 Small Group Dental Sheet - Value_508,NA2,2019-04-01
M00505R02_2019 Small Group Dental Sheet - Value_508,NA20,2019-04-01
M00505R02_2019 Small Group Dental Sheet - Value_508,NA24,2019-04-01
M00505R02_2019 Small Group Dental Sheet - Value_508,7G3ZWX,2019-05-01
M00505R02_2019 Small Group Dental Sheet - Value_508,NA2,2019-05-01
M00505R02_2019 Small Group Dental Sheet - Value_508,NA20,2019-05-01
M00505R02_2019 Small Group Dental Sheet - Value_508,NA24,2019-05-01
M00505R02_2019 Small Group Dental Sheet - Value_508,7G3ZWX,2019-06-01
M00505R02_2019 Small Group Dental Sheet - Value_508,NA2,2019-06-01
M00505R02_2019 Small Group Dental Sheet - Value_508,NA20,2019-06-01
M00505R02_2019 Small Group Dental Sheet - Value_508,NA24,2019-06-01
M00504R03_2019 Small Group Dental Sheet - Freedom_508,19RBMC,2019-01-01
M00504R03_2019 Small Group Dental Sheet - Freedom_508,KZDWQV,2019-01-01
M00504R03_2019 Small Group Dental Sheet - Freedom_508,19RBMC,2019-02-01
M00504R03_2019 Small Group Dental Sheet - Freedom_508,KZDWQV,2019-02-01
M00504R03_2019 Small Group Dental Sheet - Freedom_508,19RBMC,2019-03-01
M00504R03_2019 Small Group Dental Sheet - Freedom_508,KZDWQV,2019-03-01
M00504R03_2019 Small Group Dental Sheet - Freedom_508,19RBMC,2019-04-01
M00504R03_2019 Small Group Dental Sheet - Freedom_508,KZDWQV,2019-04-01
M00504R03_2019 Small Group Dental Sheet - Freedom_508,19RBMC,2019-05-01
M00504R03_2019 Small Group Dental Sheet - Freedom_508,KZDWQV,2019-05-01
M00504R03_2019 Small Group Dental Sheet - Freedom_508,19RBMC,2019-06-01
M00504R03_2019 Small Group Dental Sheet - Freedom_508,KZDWQV,2019-06-01
M00505R02_2019 Small Group Dental Sheet - Value_508,55KAPX,2019-01-01
M00505R02_2019 Small Group Dental Sheet - Value_508,NA1,2019-01-01
M00505R02_2019 Small Group Dental Sheet - Value_508,NA19,2019-01-01
M00505R02_2019 Small Group Dental Sheet - Value_508,NA23,2019-01-01
M00505R02_2019 Small Group Dental Sheet - Value_508,55KAPX,2019-02-01
M00505R02_2019 Small Group Dental Sheet - Value_508,NA1,2019-02-01
M00505R02_2019 Small Group Dental Sheet - Value_508,NA19,2019-02-01
M00505R02_2019 Small Group Dental Sheet - Value_508,NA23,2019-02-01
M00505R02_2019 Small Group Dental Sheet - Value_508,55KAPX,2019-03-01
M00505R02_2019 Small Group Dental Sheet - Value_508,NA1,2019-03-01
M00505R02_2019 Small Group Dental Sheet - Value_508,NA19,2019-03-01
M00505R02_2019 Small Group Dental Sheet - Value_508,NA23,2019-03-01
M00505R02_2019 Small Group Dental Sheet - Value_508,55KAPX,2019-04-01
M00505R02_2019 Small Group Dental Sheet - Value_508,NA1,2019-04-01
M00505R02_2019 Small Group Dental Sheet - Value_508,NA19,2019-04-01
M00505R02_2019 Small Group Dental Sheet - Value_508,NA23,2019-04-01
M00505R02_2019 Small Group Dental Sheet - Value_508,55KAPX,2019-05-01
M00505R02_2019 Small Group Dental Sheet - Value_508,NA1,2019-05-01
M00505R02_2019 Small Group Dental Sheet - Value_508,NA19,2019-05-01
M00505R02_2019 Small Group Dental Sheet - Value_508,NA23,2019-05-01
M00505R02_2019 Small Group Dental Sheet - Value_508,55KAPX,2019-06-01
M00505R02_2019 Small Group Dental Sheet - Value_508,NA1,2019-06-01
M00505R02_2019 Small Group Dental Sheet - Value_508,NA19,2019-06-01
M00505R02_2019 Small Group Dental Sheet - Value_508,NA23,2019-06-01
M00505R02_2019 Small Group Dental Sheet - Value_508,H2ZOUQ,2019-01-01
M00505R02_2019 Small Group Dental Sheet - Value_508,NA10,2019-01-01
M00505R02_2019 Small Group Dental Sheet - Value_508,NA18,2019-01-01
M00505R02_2019 Small Group Dental Sheet - Value_508,NA22,2019-01-01
M00505R02_2019 Small Group Dental Sheet - Value_508,H2ZOUQ,2019-02-01
M00505R02_2019 Small Group Dental Sheet - Value_508,NA10,2019-02-01
M00505R02_2019 Small Group Dental Sheet - Value_508,NA18,2019-02-01
M00505R02_2019 Small Group Dental Sheet - Value_508,NA22,2019-02-01
M00505R02_2019 Small Group Dental Sheet - Value_508,H2ZOUQ,2019-03-01
M00505R02_2019 Small Group Dental Sheet - Value_508,NA10,2019-03-01
M00505R02_2019 Small Group Dental Sheet - Value_508,NA18,2019-03-01
M00505R02_2019 Small Group Dental Sheet - Value_508,NA22,2019-03-01
M00505R02_2019 Small Group Dental Sheet - Value_508,H2ZOUQ,2019-04-01
M00505R02_2019 Small Group Dental Sheet - Value_508,NA10,2019-04-01
M00505R02_2019 Small Group Dental Sheet - Value_508,NA18,2019-04-01
M00505R02_2019 Small Group Dental Sheet - Value_508,NA22,2019-04-01
M00505R02_2019 Small Group Dental Sheet - Value_508,H2ZOUQ,2019-05-01
M00505R02_2019 Small Group Dental Sheet - Value_508,NA10,2019-05-01
M00505R02_2019 Small Group Dental Sheet - Value_508,NA18,2019-05-01
M00505R02_2019 Small Group Dental Sheet - Value_508,NA22,2019-05-01
M00505R02_2019 Small Group Dental Sheet - Value_508,H2ZOUQ,2019-06-01
M00505R02_2019 Small Group Dental Sheet - Value_508,NA10,2019-06-01
M00505R02_2019 Small Group Dental Sheet - Value_508,NA18,2019-06-01
M00505R02_2019 Small Group Dental Sheet - Value_508,NA22,2019-06-01
M00505R02_2019 Small Group Dental Sheet - Value_508,HDCSOA,2019-01-01
M00505R02_2019 Small Group Dental Sheet - Value_508,NA17,2019-01-01
M00505R02_2019 Small Group Dental Sheet - Value_508,NA21,2019-01-01
M00505R02_2019 Small Group Dental Sheet - Value_508,NA9,2019-01-01
M00505R02_2019 Small Group Dental Sheet - Value_508,HDCSOA,2019-02-01
M00505R02_2019 Small Group Dental Sheet - Value_508,NA17,2019-02-01
M00505R02_2019 Small Group Dental Sheet - Value_508,NA21,2019-02-01
M00505R02_2019 Small Group Dental Sheet - Value_508,NA9,2019-02-01
M00505R02_2019 Small Group Dental Sheet - Value_508,HDCSOA,2019-03-01
M00505R02_2019 Small Group Dental Sheet - Value_508,NA17,2019-03-01
M00505R02_2019 Small Group Dental Sheet - Value_508,NA21,2019-03-01
M00505R02_2019 Small Group Dental Sheet - Value_508,NA9,2019-03-01
M00505R02_2019 Small Group Dental Sheet - Value_508,HDCSOA,2019-04-01
M00505R02_2019 Small Group Dental Sheet - Value_508,NA17,2019-04-01
M00505R02_2019 Small Group Dental Sheet - Value_508,NA21,2019-04-01
M00505R02_2019 Small Group Dental Sheet - Value_508,NA9,2019-04-01
M00505R02_2019 Small Group Dental Sheet - Value_508,HDCSOA,2019-05-01
M00505R02_2019 Small Group Dental Sheet - Value_508,NA17,2019-05-01
M00505R02_2019 Small Group Dental Sheet - Value_508,NA21,2019-05-01
M00505R02_2019 Small Group Dental Sheet - Value_508,NA9,2019-05-01
M00505R02_2019 Small Group Dental Sheet - Value_508,HDCSOA,2019-06-01
M00505R02_2019 Small Group Dental Sheet - Value_508,NA17,2019-06-01
M00505R02_2019 Small Group Dental Sheet - Value_508,NA21,2019-06-01
M00505R02_2019 Small Group Dental Sheet - Value_508,NA9,2019-06-01
M00504R03_2019 Small Group Dental Sheet - Freedom_508,7H4IQX,2019-01-01
M00504R03_2019 Small Group Dental Sheet - Freedom_508,DI0FEX,2019-01-01
M00504R03_2019 Small Group Dental Sheet - Freedom_508,KEIPQT,2019-01-01
M00504R03_2019 Small Group Dental Sheet - Freedom_508,NA4,2019-01-01
M00504R03_2019 Small Group Dental Sheet - Freedom_508,7H4IQX,2019-02-01
M00504R03_2019 Small Group Dental Sheet - Freedom_508,DI0FEX,2019-02-01
M00504R03_2019 Small Group Dental Sheet - Freedom_508,KEIPQT,2019-02-01
M00504R03_2019 Small Group Dental Sheet - Freedom_508,NA4,2019-02-01
M00504R03_2019 Small Group Dental Sheet - Freedom_508,7H4IQX,2019-03-01
M00504R03_2019 Small Group Dental Sheet - Freedom_508,DI0FEX,2019-03-01
M00504R03_2019 Small Group Dental Sheet - Freedom_508,KEIPQT,2019-03-01
M00504R03_2019 Small Group Dental Sheet - Freedom_508,NA4,2019-03-01
M00504R03_2019 Small Group Dental Sheet - Freedom_508,7H4IQX,2019-04-01
M00504R03_2019 Small Group Dental Sheet - Freedom_508,DI0FEX,2019-04-01
M00504R03_2019 Small Group Dental Sheet - Freedom_508,KEIPQT,2019-04-01
M00504R03_2019 Small Group Dental Sheet - Freedom_508,NA4,2019-04-01
M00504R03_2019 Small Group Dental Sheet - Freedom_508,7H4IQX,2019-05-01
M00504R03_2019 Small Group Dental Sheet - Freedom_508,DI0FEX,2019-05-01
M00504R03_2019 Small Group Dental Sheet - Freedom_508,KEIPQT,2019-05-01
M00504R03_2019 Small Group Dental Sheet - Freedom_508,NA4,2019-05-01
M00504R03_2019 Small Group Dental Sheet - Freedom_508,7H4IQX,2019-06-01
M00504R03_2019 Small Group Dental Sheet - Freedom_508,DI0FEX,2019-06-01
M00504R03_2019 Small Group Dental Sheet - Freedom_508,KEIPQT,2019-06-01
M00504R03_2019 Small Group Dental Sheet - Freedom_508,NA4,2019-06-01
M00503R03_2019 Small Group Dental Sheet - Preferred_508,2W9M0U,2019-01-01
M00503R03_2019 Small Group Dental Sheet - Preferred_508,67IS9V,2019-01-01
M00503R03_2019 Small Group Dental Sheet - Preferred_508,2W9M0U,2019-02-01
M00503R03_2019 Small Group Dental Sheet - Preferred_508,67IS9V,2019-02-01
M00503R03_2019 Small Group Dental Sheet - Preferred_508,2W9M0U,2019-03-01
M00503R03_2019 Small Group Dental Sheet - Preferred_508,67IS9V,2019-03-01
M00503R03_2019 Small Group Dental Sheet - Preferred_508,2W9M0U,2019-04-01
M00503R03_2019 Small Group Dental Sheet - Preferred_508,67IS9V,2019-04-01
M00503R03_2019 Small Group Dental Sheet - Preferred_508,2W9M0U,2019-05-01
M00503R03_2019 Small Group Dental Sheet - Preferred_508,67IS9V,2019-05-01
M00503R03_2019 Small Group Dental Sheet - Preferred_508,2W9M0U,2019-06-01
M00503R03_2019 Small Group Dental Sheet - Preferred_508,67IS9V,2019-06-01
M00504R03_2019 Small Group Dental Sheet - Freedom_508,KIOEAU,2019-01-01
M00504R03_2019 Small Group Dental Sheet - Freedom_508,NA12,2019-01-01
M00504R03_2019 Small Group Dental Sheet - Freedom_508,O8RBDR,2019-01-01
M00504R03_2019 Small Group Dental Sheet - Freedom_508,T18K22,2019-01-01
M00504R03_2019 Small Group Dental Sheet - Freedom_508,KIOEAU,2019-02-01
M00504R03_2019 Small Group Dental Sheet - Freedom_508,NA12,2019-02-01
M00504R03_2019 Small Group Dental Sheet - Freedom_508,O8RBDR,2019-02-01
M00504R03_2019 Small Group Dental Sheet - Freedom_508,T18K22,2019-02-01
M00504R03_2019 Small Group Dental Sheet - Freedom_508,KIOEAU,2019-03-01
M00504R03_2019 Small Group Dental Sheet - Freedom_508,NA12,2019-03-01
M00504R03_2019 Small Group Dental Sheet - Freedom_508,O8RBDR,2019-03-01
M00504R03_2019 Small Group Dental Sheet - Freedom_508,T18K22,2019-03-01
M00504R03_2019 Small Group Dental Sheet - Freedom_508,KIOEAU,2019-04-01
M00504R03_2019 Small Group Dental Sheet - Freedom_508,NA12,2019-04-01
M00504R03_2019 Small Group Dental Sheet - Freedom_508,O8RBDR,2019-04-01
M00504R03_2019 Small Group Dental Sheet - Freedom_508,T18K22,2019-04-01
M00504R03_2019 Small Group Dental Sheet - Freedom_508,KIOEAU,2019-05-01
M00504R03_2019 Small Group Dental Sheet - Freedom_508,NA12,2019-05-01
M00504R03_2019 Small Group Dental Sheet - Freedom_508,O8RBDR,2019-05-01
M00504R03_2019 Small Group Dental Sheet - Freedom_508,T18K22,2019-05-01
M00504R03_2019 Small Group Dental Sheet - Freedom_508,KIOEAU,2019-06-01
M00504R03_2019 Small Group Dental Sheet - Freedom_508,NA12,2019-06-01
M00504R03_2019 Small Group Dental Sheet - Freedom_508,O8RBDR,2019-06-01
M00504R03_2019 Small Group Dental Sheet - Freedom_508,T18K22,2019-06-01
M00503R03_2019 Small Group Dental Sheet - Preferred_508,3EPFYP,2019-01-01
M00503R03_2019 Small Group Dental Sheet - Preferred_508,61TMAK,2019-01-01
M00503R03_2019 Small Group Dental Sheet - Preferred_508,3EPFYP,2019-02-01
M00503R03_2019 Small Group Dental Sheet - Preferred_508,61TMAK,2019-02-01
M00503R03_2019 Small Group Dental Sheet - Preferred_508,3EPFYP,2019-03-01
M00503R03_2019 Small Group Dental Sheet - Preferred_508,61TMAK,2019-03-01
M00503R03_2019 Small Group Dental Sheet - Preferred_508,3EPFYP,2019-04-01
M00503R03_2019 Small Group Dental Sheet - Preferred_508,61TMAK,2019-04-01
M00503R03_2019 Small Group Dental Sheet - Preferred_508,3EPFYP,2019-05-01
M00503R03_2019 Small Group Dental Sheet - Preferred_508,61TMAK,2019-05-01
M00503R03_2019 Small Group Dental Sheet - Preferred_508,3EPFYP,2019-06-01
M00503R03_2019 Small Group Dental Sheet - Preferred_508,61TMAK,2019-06-01
M00504R03_2019 Small Group Dental Sheet - Freedom_508,V1B9HW,2019-01-01
M00504R03_2019 Small Group Dental Sheet - Freedom_508,VXCH2Z,2019-01-01
M00504R03_2019 Small Group Dental Sheet - Freedom_508,V1B9HW,2019-02-01
M00504R03_2019 Small Group Dental Sheet - Freedom_508,VXCH2Z,2019-02-01
M00504R03_2019 Small Group Dental Sheet - Freedom_508,V1B9HW,2019-03-01
M00504R03_2019 Small Group Dental Sheet - Freedom_508,VXCH2Z,2019-03-01
M00504R03_2019 Small Group Dental Sheet - Freedom_508,V1B9HW,2019-04-01
M00504R03_2019 Small Group Dental Sheet - Freedom_508,VXCH2Z,2019-04-01
M00504R03_2019 Small Group Dental Sheet - Freedom_508,V1B9HW,2019-05-01
M00504R03_2019 Small Group Dental Sheet - Freedom_508,VXCH2Z,2019-05-01
M00504R03_2019 Small Group Dental Sheet - Freedom_508,V1B9HW,2019-06-01
M00504R03_2019 Small Group Dental Sheet - Freedom_508,VXCH2Z,2019-06-01
M00503R03_2019 Small Group Dental Sheet - Preferred_508,DLEXXG,2019-01-01
M00503R03_2019 Small Group Dental Sheet - Preferred_508,MI9FHG,2019-01-01
M00503R03_2019 Small Group Dental Sheet - Preferred_508,DLEXXG,2019-02-01
M00503R03_2019 Small Group Dental Sheet - Preferred_508,MI9FHG,2019-02-01
M00503R03_2019 Small Group Dental Sheet - Preferred_508,DLEXXG,2019-03-01
M00503R03_2019 Small Group Dental Sheet - Preferred_508,MI9FHG,2019-03-01
M00503R03_2019 Small Group Dental Sheet - Preferred_508,DLEXXG,2019-04-01
M00503R03_2019 Small Group Dental Sheet - Preferred_508,MI9FHG,2019-04-01
M00503R03_2019 Small Group Dental Sheet - Preferred_508,DLEXXG,2019-05-01
M00503R03_2019 Small Group Dental Sheet - Preferred_508,MI9FHG,2019-05-01
M00503R03_2019 Small Group Dental Sheet - Preferred_508,DLEXXG,2019-06-01
M00503R03_2019 Small Group Dental Sheet - Preferred_508,MI9FHG,2019-06-01
M00503R03_2019 Small Group Dental Sheet - Preferred_508,2ZD66Y,2019-01-01
M00503R03_2019 Small Group Dental Sheet - Preferred_508,E6SLG5,2019-01-01
M00503R03_2019 Small Group Dental Sheet - Preferred_508,NA5,2019-01-01
M00503R03_2019 Small Group Dental Sheet - Preferred_508,X4GUJ4,2019-01-01
M00503R03_2019 Small Group Dental Sheet - Preferred_508,2ZD66Y,2019-02-01
M00503R03_2019 Small Group Dental Sheet - Preferred_508,E6SLG5,2019-02-01
M00503R03_2019 Small Group Dental Sheet - Preferred_508,NA5,2019-02-01
M00503R03_2019 Small Group Dental Sheet - Preferred_508,X4GUJ4,2019-02-01
M00503R03_2019 Small Group Dental Sheet - Preferred_508,2ZD66Y,2019-03-01
M00503R03_2019 Small Group Dental Sheet - Preferred_508,E6SLG5,2019-03-01
M00503R03_2019 Small Group Dental Sheet - Preferred_508,NA5,2019-03-01
M00503R03_2019 Small Group Dental Sheet - Preferred_508,X4GUJ4,2019-03-01
M00503R03_2019 Small Group Dental Sheet - Preferred_508,2ZD66Y,2019-04-01
M00503R03_2019 Small Group Dental Sheet - Preferred_508,E6SLG5,2019-04-01
M00503R03_2019 Small Group Dental Sheet - Preferred_508,NA5,2019-04-01
M00503R03_2019 Small Group Dental Sheet - Preferred_508,X4GUJ4,2019-04-01
M00503R03_2019 Small Group Dental Sheet - Preferred_508,2ZD66Y,2019-05-01
M00503R03_2019 Small Group Dental Sheet - Preferred_508,E6SLG5,2019-05-01
M00503R03_2019 Small Group Dental Sheet - Preferred_508,NA5,2019-05-01
M00503R03_2019 Small Group Dental Sheet - Preferred_508,X4GUJ4,2019-05-01
M00503R03_2019 Small Group Dental Sheet - Preferred_508,2ZD66Y,2019-06-01
M00503R03_2019 Small Group Dental Sheet - Preferred_508,E6SLG5,2019-06-01
M00503R03_2019 Small Group Dental Sheet - Preferred_508,NA5,2019-06-01
M00503R03_2019 Small Group Dental Sheet - Preferred_508,X4GUJ4,2019-06-01
M00504R03_2019 Small Group Dental Sheet - Freedom_508,7FWI03,2019-01-01
M00504R03_2019 Small Group Dental Sheet - Freedom_508,M1V69E,2019-01-01
M00504R03_2019 Small Group Dental Sheet - Freedom_508,7FWI03,2019-02-01
M00504R03_2019 Small Group Dental Sheet - Freedom_508,M1V69E,2019-02-01
M00504R03_2019 Small Group Dental Sheet - Freedom_508,7FWI03,2019-03-01
M00504R03_2019 Small Group Dental Sheet - Freedom_508,M1V69E,2019-03-01
M00504R03_2019 Small Group Dental Sheet - Freedom_508,7FWI03,2019-04-01
M00504R03_2019 Small Group Dental Sheet - Freedom_508,M1V69E,2019-04-01
M00504R03_2019 Small Group Dental Sheet - Freedom_508,7FWI03,2019-05-01
M00504R03_2019 Small Group Dental Sheet - Freedom_508,M1V69E,2019-05-01
M00504R03_2019 Small Group Dental Sheet - Freedom_508,7FWI03,2019-06-01
M00504R03_2019 Small Group Dental Sheet - Freedom_508,M1V69E,2019-06-01
M00504R03_2019 Small Group Dental Sheet - Freedom_508,JYJSIF,2019-01-01
M00504R03_2019 Small Group Dental Sheet - Freedom_508,PX9PW8,2019-01-01
M00504R03_2019 Small Group Dental Sheet - Freedom_508,JYJSIF,2019-02-01
M00504R03_2019 Small Group Dental Sheet - Freedom_508,PX9PW8,2019-02-01
M00504R03_2019 Small Group Dental Sheet - Freedom_508,JYJSIF,2019-03-01
M00504R03_2019 Small Group Dental Sheet - Freedom_508,PX9PW8,2019-03-01
M00504R03_2019 Small Group Dental Sheet - Freedom_508,JYJSIF,2019-04-01
M00504R03_2019 Small Group Dental Sheet - Freedom_508,PX9PW8,2019-04-01
M00504R03_2019 Small Group Dental Sheet - Freedom_508,JYJSIF,2019-05-01
M00504R03_2019 Small Group Dental Sheet - Freedom_508,PX9PW8,2019-05-01
M00504R03_2019 Small Group Dental Sheet - Freedom_508,JYJSIF,2019-06-01
M00504R03_2019 Small Group Dental Sheet - Freedom_508,PX9PW8,2019-06-01
M00503R03_2019 Small Group Dental Sheet - Preferred_508,ENXVE4,2019-01-01
M00503R03_2019 Small Group Dental Sheet - Preferred_508,LHF9IY,2019-01-01
M00503R03_2019 Small Group Dental Sheet - Preferred_508,ENXVE4,2019-02-01
M00503R03_2019 Small Group Dental Sheet - Preferred_508,LHF9IY,2019-02-01
M00503R03_2019 Small Group Dental Sheet - Preferred_508,ENXVE4,2019-03-01
M00503R03_2019 Small Group Dental Sheet - Preferred_508,LHF9IY,2019-03-01
M00503R03_2019 Small Group Dental Sheet - Preferred_508,ENXVE4,2019-04-01
M00503R03_2019 Small Group Dental Sheet - Preferred_508,LHF9IY,2019-04-01
M00503R03_2019 Small Group Dental Sheet - Preferred_508,ENXVE4,2019-05-01
M00503R03_2019 Small Group Dental Sheet - Preferred_508,LHF9IY,2019-05-01
M00503R03_2019 Small Group Dental Sheet - Preferred_508,ENXVE4,2019-06-01
M00503R03_2019 Small Group Dental Sheet - Preferred_508,LHF9IY,2019-06-01
M00503R03_2019 Small Group Dental Sheet - Preferred_508,DA16O5,2019-01-01
M00503R03_2019 Small Group Dental Sheet - Preferred_508,L6MCXR,2019-01-01
M00503R03_2019 Small Group Dental Sheet - Preferred_508,DA16O5,2019-02-01
M00503R03_2019 Small Group Dental Sheet - Preferred_508,L6MCXR,2019-02-01
M00503R03_2019 Small Group Dental Sheet - Preferred_508,DA16O5,2019-03-01
M00503R03_2019 Small Group Dental Sheet - Preferred_508,L6MCXR,2019-03-01
M00503R03_2019 Small Group Dental Sheet - Preferred_508,DA16O5,2019-04-01
M00503R03_2019 Small Group Dental Sheet - Preferred_508,L6MCXR,2019-04-01
M00503R03_2019 Small Group Dental Sheet - Preferred_508,DA16O5,2019-05-01
M00503R03_2019 Small Group Dental Sheet - Preferred_508,L6MCXR,2019-05-01
M00503R03_2019 Small Group Dental Sheet - Preferred_508,DA16O5,2019-06-01
M00503R03_2019 Small Group Dental Sheet - Preferred_508,L6MCXR,2019-06-01
M00503R03_2019 Small Group Dental Sheet - Preferred_508,JQ1C55,2019-01-01
M00503R03_2019 Small Group Dental Sheet - Preferred_508,MTFSWY,2019-01-01
M00503R03_2019 Small Group Dental Sheet - Preferred_508,JQ1C55,2019-02-01
M00503R03_2019 Small Group Dental Sheet - Preferred_508,MTFSWY,2019-02-01
M00503R03_2019 Small Group Dental Sheet - Preferred_508,JQ1C55,2019-03-01
M00503R03_2019 Small Group Dental Sheet - Preferred_508,MTFSWY,2019-03-01
M00503R03_2019 Small Group Dental Sheet - Preferred_508,JQ1C55,2019-04-01
M00503R03_2019 Small Group Dental Sheet - Preferred_508,MTFSWY,2019-04-01
M00503R03_2019 Small Group Dental Sheet - Preferred_508,JQ1C55,2019-05-01
M00503R03_2019 Small Group Dental Sheet - Preferred_508,MTFSWY,2019-05-01
M00503R03_2019 Small Group Dental Sheet - Preferred_508,JQ1C55,2019-06-01
M00503R03_2019 Small Group Dental Sheet - Preferred_508,MTFSWY,2019-06-01
M00503R03_2019 Small Group Dental Sheet - Preferred_508,9868KK,2019-01-01
M00503R03_2019 Small Group Dental Sheet - Preferred_508,Z7FK41,2019-01-01
M00503R03_2019 Small Group Dental Sheet - Preferred_508,9868KK,2019-02-01
M00503R03_2019 Small Group Dental Sheet - Preferred_508,Z7FK41,2019-02-01
M00503R03_2019 Small Group Dental Sheet - Preferred_508,9868KK,2019-03-01
M00503R03_2019 Small Group Dental Sheet - Preferred_508,Z7FK41,2019-03-01
M00503R03_2019 Small Group Dental Sheet - Preferred_508,9868KK,2019-04-01
M00503R03_2019 Small Group Dental Sheet - Preferred_508,Z7FK41,2019-04-01
M00503R03_2019 Small Group Dental Sheet - Preferred_508,9868KK,2019-05-01
M00503R03_2019 Small Group Dental Sheet - Preferred_508,Z7FK41,2019-05-01
M00503R03_2019 Small Group Dental Sheet - Preferred_508,9868KK,2019-06-01
M00503R03_2019 Small Group Dental Sheet - Preferred_508,Z7FK41,2019-06-01
M00503R03_2019 Small Group Dental Sheet - Preferred_508,3C7KZR,2019-01-01
M00503R03_2019 Small Group Dental Sheet - Preferred_508,ICATG3,2019-01-01
M00503R03_2019 Small Group Dental Sheet - Preferred_508,3C7KZR,2019-02-01
M00503R03_2019 Small Group Dental Sheet - Preferred_508,ICATG3,2019-02-01
M00503R03_2019 Small Group Dental Sheet - Preferred_508,3C7KZR,2019-03-01
M00503R03_2019 Small Group Dental Sheet - Preferred_508,ICATG3,2019-03-01
M00503R03_2019 Small Group Dental Sheet - Preferred_508,3C7KZR,2019-04-01
M00503R03_2019 Small Group Dental Sheet - Preferred_508,ICATG3,2019-04-01
M00503R03_2019 Small Group Dental Sheet - Preferred_508,3C7KZR,2019-05-01
M00503R03_2019 Small Group Dental Sheet - Preferred_508,ICATG3,2019-05-01
M00503R03_2019 Small Group Dental Sheet - Preferred_508,3C7KZR,2019-06-01
M00503R03_2019 Small Group Dental Sheet - Preferred_508,ICATG3,2019-06-01
M00504R03_2019 Small Group Dental Sheet - Freedom_508,NA253,2019-01-01
M00504R03_2019 Small Group Dental Sheet - Freedom_508,NA258,2019-01-01
M00504R03_2019 Small Group Dental Sheet - Freedom_508,NA2519,2019-02-01
M00504R03_2019 Small Group Dental Sheet - Freedom_508,NA258,2019-02-01
M00504R03_2019 Small Group Dental Sheet - Freedom_508,NA2517,2019-03-01
M00504R03_2019 Small Group Dental Sheet - Freedom_508,NA254,2019-03-01
M00504R03_2019 Small Group Dental Sheet - Freedom_508,NA256,2019-04-01
M00504R03_2019 Small Group Dental Sheet - Freedom_508,NA2514,2019-04-01
M00504R03_2019 Small Group Dental Sheet - Freedom_508,NA2517,2019-05-01
M00504R03_2019 Small Group Dental Sheet - Freedom_508,NA2510,2019-05-01
M00504R03_2019 Small Group Dental Sheet - Freedom_508,NA253,2019-06-01
M00504R03_2019 Small Group Dental Sheet - Freedom_508,NA255,2019-06-01
M00504R03_2019 Small Group Dental Sheet - Freedom_508,NA266,2019-01-01
M00504R03_2019 Small Group Dental Sheet - Freedom_508,NA2617,2019-01-01
M00504R03_2019 Small Group Dental Sheet - Freedom_508,NA262,2019-02-01
M00504R03_2019 Small Group Dental Sheet - Freedom_508,NA260,2019-02-01
M00504R03_2019 Small Group Dental Sheet - Freedom_508,NA266,2019-03-01
M00504R03_2019 Small Group Dental Sheet - Freedom_508,NA2614,2019-03-01
M00504R03_2019 Small Group Dental Sheet - Freedom_508,NA267,2019-04-01
M00504R03_2019 Small Group Dental Sheet - Freedom_508,NA2610,2019-04-01
M00504R03_2019 Small Group Dental Sheet - Freedom_508,NA2616,2019-05-01
M00504R03_2019 Small Group Dental Sheet - Freedom_508,NA2612,2019-05-01
M00504R03_2019 Small Group Dental Sheet - Freedom_508,NA2616,2019-06-01
M00504R03_2019 Small Group Dental Sheet - Freedom_508,NA2619,2019-06-01
M00503R03_2019 Small Group Dental Sheet - Preferred_508,NA2712,2019-01-01
M00503R03_2019 Small Group Dental Sheet - Preferred_508,NA276,2019-01-01
M00503R03_2019 Small Group Dental Sheet - Preferred_508,NA272,2019-02-01
M00503R03_2019 Small Group Dental Sheet - Preferred_508,NA2715,2019-02-01
M00503R03_2019 Small Group Dental Sheet - Preferred_508,NA2717,2019-03-01
M00503R03_2019 Small Group Dental Sheet - Preferred_508,NA2718,2019-03-01
M00503R03_2019 Small Group Dental Sheet - Preferred_508,NA2720,2019-04-01
M00503R03_2019 Small Group Dental Sheet - Preferred_508,NA270,2019-04-01
M00503R03_2019 Small Group Dental Sheet - Preferred_508,NA2712,2019-05-01
M00503R03_2019 Small Group Dental Sheet - Preferred_508,NA275,2019-05-01
M00503R03_2019 Small Group Dental Sheet - Preferred_508,NA278,2019-06-01
M00503R03_2019 Small Group Dental Sheet - Preferred_508,NA2716,2019-06-01
M00503R03_2019 Small Group Dental Sheet - Preferred_508,NA286,2019-01-01
M00503R03_2019 Small Group Dental Sheet - Preferred_508,NA284,2019-01-01
M00503R03_2019 Small Group Dental Sheet - Preferred_508,NA2818,2019-02-01
M00503R03_2019 Small Group Dental Sheet - Preferred_508,NA286,2019-02-01
M00503R03_2019 Small Group Dental Sheet - Preferred_508,NA2885,2019-03-01
M00503R03_2019 Small Group Dental Sheet - Preferred_508,NA288,2019-03-01
M00503R03_2019 Small Group Dental Sheet - Preferred_508,NA2811,2019-04-01
M00503R03_2019 Small Group Dental Sheet - Preferred_508,NA287,2019-04-01
M00503R03_2019 Small Group Dental Sheet - Preferred_508,NA2811,2019-05-01
M00503R03_2019 Small Group Dental Sheet - Preferred_508,NA2812,2019-05-01
M00503R03_2019 Small Group Dental Sheet - Preferred_508,NA288,2019-06-01
M00503R03_2019 Small Group Dental Sheet - Preferred_508,NA2810,2019-06-01
M00504R03_2019 Small Group Dental Sheet - Freedom_508,XD642X,2019-01-01
M00504R03_2019 Small Group Dental Sheet - Freedom_508,ZB04LV,2019-01-01
M00504R03_2019 Small Group Dental Sheet - Freedom_508,XD642X,2019-02-01
M00504R03_2019 Small Group Dental Sheet - Freedom_508,ZB04LV,2019-02-01
M00504R03_2019 Small Group Dental Sheet - Freedom_508,XD642X,2019-03-01
M00504R03_2019 Small Group Dental Sheet - Freedom_508,ZB04LV,2019-03-01
M00504R03_2019 Small Group Dental Sheet - Freedom_508,XD642X,2019-04-01
M00504R03_2019 Small Group Dental Sheet - Freedom_508,ZB04LV,2019-04-01
M00504R03_2019 Small Group Dental Sheet - Freedom_508,XD642X,2019-05-01
M00504R03_2019 Small Group Dental Sheet - Freedom_508,ZB04LV,2019-05-01
M00504R03_2019 Small Group Dental Sheet - Freedom_508,XD642X,2019-06-01
M00504R03_2019 Small Group Dental Sheet - Freedom_508,ZB04LV,2019-06-01
M00520R02_2019 Small Group Vision Premier Enhanced Eyewear Option 1 Member Sell Sheet_508,2104736531,2019-01-01
M00520R02_2019 Small Group Vision Premier Enhanced Eyewear Option 1 Member Sell Sheet_508,2104736532,2019-02-01
M00520R02_2019 Small Group Vision Premier Enhanced Eyewear Option 1 Member Sell Sheet_508,2104736533,2019-03-01
M00520R02_2019 Small Group Vision Premier Enhanced Eyewear Option 1 Member Sell Sheet_508,2104736534,2019-04-01
M00520R02_2019 Small Group Vision Premier Enhanced Eyewear Option 1 Member Sell Sheet_508,2104736550,2019-05-01
M00520R02_2019 Small Group Vision Premier Enhanced Eyewear Option 1 Member Sell Sheet_508,2104736551,2019-06-01
M00520R02_2019 Small Group Vision Premier Enhanced Eyewear Option 1 Member Sell Sheet_508,2104736552,2019-07-01
M00520R02_2019 Small Group Vision Premier Enhanced Eyewear Option 1 Member Sell Sheet_508,2104736553,2019-08-01
M00520R02_2019 Small Group Vision Premier Enhanced Eyewear Option 1 Member Sell Sheet_508,2104736554,2019-09-01
M00520R02_2019 Small Group Vision Premier Enhanced Eyewear Option 1 Member Sell Sheet_508,2104736555,2019-10-01
M00520R02_2019 Small Group Vision Premier Enhanced Eyewear Option 1 Member Sell Sheet_508,2104736558,2019-11-01
M00520R02_2019 Small Group Vision Premier Enhanced Eyewear Option 1 Member Sell Sheet_508,2104736561,2019-12-01
M00521R02_2019 Small Group Vision - Premier  Enhanced Eyewear Plan - Option 2 Member Sell Sheet_508,2104736870,2019-01-01
M00521R02_2019 Small Group Vision - Premier  Enhanced Eyewear Plan - Option 2 Member Sell Sheet_508,2104736871,2019-02-01
M00521R02_2019 Small Group Vision - Premier  Enhanced Eyewear Plan - Option 2 Member Sell Sheet_508,2104736872,2019-03-01
M00521R02_2019 Small Group Vision - Premier  Enhanced Eyewear Plan - Option 2 Member Sell Sheet_508,2104736873,2019-04-01
M00521R02_2019 Small Group Vision - Premier  Enhanced Eyewear Plan - Option 2 Member Sell Sheet_508,2104736874,2019-05-01
M00521R02_2019 Small Group Vision - Premier  Enhanced Eyewear Plan - Option 2 Member Sell Sheet_508,2104736875,2019-06-01
M00521R02_2019 Small Group Vision - Premier  Enhanced Eyewear Plan - Option 2 Member Sell Sheet_508,2104736876,2019-07-01
M00521R02_2019 Small Group Vision - Premier  Enhanced Eyewear Plan - Option 2 Member Sell Sheet_508,2104736877,2019-08-01
M00521R02_2019 Small Group Vision - Premier  Enhanced Eyewear Plan - Option 2 Member Sell Sheet_508,2104736878,2019-09-01
M00521R02_2019 Small Group Vision - Premier  Enhanced Eyewear Plan - Option 2 Member Sell Sheet_508,2104736879,2019-10-01
M00521R02_2019 Small Group Vision - Premier  Enhanced Eyewear Plan - Option 2 Member Sell Sheet_508,2104736880,2019-11-01
M00521R02_2019 Small Group Vision - Premier  Enhanced Eyewear Plan - Option 2 Member Sell Sheet_508,2104736881,2019-12-01
M00522R02_2019 Small Group Vision Value Enhanced Eyewear Option 1_508,2104720439,2019-01-01
M00523R02_2019 Small Group Vision - Value Enhanced Eyewear Plan - Option 2 Member Sell Sheet_508,2104721027,2019-01-01
M00522R02_2019 Small Group Vision Value Enhanced Eyewear Option 1_508,2104720443,2019-02-01
M00523R02_2019 Small Group Vision - Value Enhanced Eyewear Plan - Option 2 Member Sell Sheet_508,2104721028,2019-02-01
M00522R02_2019 Small Group Vision Value Enhanced Eyewear Option 1_508,2104720444,2019-03-01
M00523R02_2019 Small Group Vision - Value Enhanced Eyewear Plan - Option 2 Member Sell Sheet_508,2104721029,2019-03-01
M00522R02_2019 Small Group Vision Value Enhanced Eyewear Option 1_508,2104720446,2019-04-01
M00523R02_2019 Small Group Vision - Value Enhanced Eyewear Plan - Option 2 Member Sell Sheet_508,2104721030,2019-04-01
M00522R02_2019 Small Group Vision Value Enhanced Eyewear Option 1_508,2104720447,2019-05-01
M00523R02_2019 Small Group Vision - Value Enhanced Eyewear Plan - Option 2 Member Sell Sheet_508,2104721031,2019-05-01
M00522R02_2019 Small Group Vision Value Enhanced Eyewear Option 1_508,2104720448,2019-06-01
M00523R02_2019 Small Group Vision - Value Enhanced Eyewear Plan - Option 2 Member Sell Sheet_508,2104721033,2019-06-01
M00522R02_2019 Small Group Vision Value Enhanced Eyewear Option 1_508,2104720449,2019-07-01
M00523R02_2019 Small Group Vision - Value Enhanced Eyewear Plan - Option 2 Member Sell Sheet_508,2104721035,2019-07-01
M00522R02_2019 Small Group Vision Value Enhanced Eyewear Option 1_508,2104720452,2019-08-01
M00523R02_2019 Small Group Vision - Value Enhanced Eyewear Plan - Option 2 Member Sell Sheet_508,2104721041,2019-08-01
M00522R02_2019 Small Group Vision Value Enhanced Eyewear Option 1_508,2104720454,2019-09-01
M00523R02_2019 Small Group Vision - Value Enhanced Eyewear Plan - Option 2 Member Sell Sheet_508,2104721042,2019-09-01
M00522R02_2019 Small Group Vision Value Enhanced Eyewear Option 1_508,2104720455,2019-10-01
M00523R02_2019 Small Group Vision - Value Enhanced Eyewear Plan - Option 2 Member Sell Sheet_508,2104721043,2019-10-01
M00522R02_2019 Small Group Vision Value Enhanced Eyewear Option 1_508,2104720456,2019-11-01
M00523R02_2019 Small Group Vision - Value Enhanced Eyewear Plan - Option 2 Member Sell Sheet_508,2104721044,2019-11-01
M00522R02_2019 Small Group Vision Value Enhanced Eyewear Option 1_508,2104720457,2019-12-01
M00523R02_2019 Small Group Vision - Value Enhanced Eyewear Plan - Option 2 Member Sell Sheet_508,2104721045,2019-12-01
M00973R01_2019 Small Group Vision Value Standard Option 1 with Exam_508,2101404470,2019-01-01
M00973R01_2019 Small Group Vision Value Standard Option 1 with Exam_508,2101404472,2019-02-01
M00973R01_2019 Small Group Vision Value Standard Option 1 with Exam_508,2101404477,2019-03-01
M00973R01_2019 Small Group Vision Value Standard Option 1 with Exam_508,2101404480,2019-04-01
M00973R01_2019 Small Group Vision Value Standard Option 1 with Exam_508,2101404490,2019-05-01
M00973R01_2019 Small Group Vision Value Standard Option 1 with Exam_508,2101404496,2019-06-01
M00973R01_2019 Small Group Vision Value Standard Option 1 with Exam_508,2101404511,2019-07-01
M00973R01_2019 Small Group Vision Value Standard Option 1 with Exam_508,2101404515,2019-08-01
M00973R01_2019 Small Group Vision Value Standard Option 1 with Exam_508,2101404517,2019-09-01
M00973R01_2019 Small Group Vision Value Standard Option 1 with Exam_508,2101404524,2019-10-01
M00973R01_2019 Small Group Vision Value Standard Option 1 with Exam_508,2101404525,2019-11-01
M00973R01_2019 Small Group Vision Value Standard Option 1 with Exam_508,2101404527,2019-12-01
M00974R01_2019 Small Group Vision Value Standard Option 2 with Exam_508,2101401798,2019-01-01
M00974R01_2019 Small Group Vision Value Standard Option 2 with Exam_508,2101401800,2019-02-01
M00974R01_2019 Small Group Vision Value Standard Option 2 with Exam_508,2101401801,2019-03-01
M00974R01_2019 Small Group Vision Value Standard Option 2 with Exam_508,2101401802,2019-04-01
M00974R01_2019 Small Group Vision Value Standard Option 2 with Exam_508,2101401803,2019-05-01
M00974R01_2019 Small Group Vision Value Standard Option 2 with Exam_508,2101401805,2019-06-01
M00974R01_2019 Small Group Vision Value Standard Option 2 with Exam_508,2101401806,2019-07-01
M00974R01_2019 Small Group Vision Value Standard Option 2 with Exam_508,2101401808,2019-08-01
M00974R01_2019 Small Group Vision Value Standard Option 2 with Exam_508,2101401809,2019-09-01
M00974R01_2019 Small Group Vision Value Standard Option 2 with Exam_508,2101401810,2019-10-01
M00974R01_2019 Small Group Vision Value Standard Option 2 with Exam_508,2101401812,2019-11-01
M00974R01_2019 Small Group Vision Value Standard Option 2 with Exam_508,2101401813,2019-12-01
49316MN1070001-00_SBC,49316MN1070001,2019-01-01
49316MN1070003-00_SBC,49316MN1070003,2019-01-01
49316MN1070004-00_SBC,49316MN1070004,2019-01-01
49316MN1070005-00_SBC,49316MN1070005,2019-01-01
49316MN1070006-00_SBC,49316MN1070006,2019-01-01
49316MN1070010-00_SBC,49316MN1070010,2019-01-01
49316MN1070011-00_SBC,49316MN1070011,2019-01-01
49316MN1070018-00_SBC,49316MN1070018,2019-01-01
49316MN1070019-00_SBC,49316MN1070019,2019-01-01
49316MN1070020-00_SBC,49316MN1070020,2019-01-01
49316MN1070022-00_SBC,49316MN1070022,2019-01-01
49316MN1070026-00_SBC,49316MN1070026,2019-01-01
49316MN1070027-00_SBC,49316MN1070027,2019-01-01
49316MN1070028-00_SBC,49316MN1070028,2019-01-01
49316MN1070029-00_SBC,49316MN1070029,2019-01-01
57129MN0180007-00_SBC,57129MN0180007,2019-01-01
57129MN0180122-00_SBC,57129MN0180122,2019-01-01
57129MN0180123-00_SBC,57129MN0180123,2019-01-01
57129MN0180124-00_SBC,57129MN0180124,2019-01-01
57129MN0180125-00_SBC,57129MN0180125,2019-01-01
57129MN0180126-00_SBC,57129MN0180126,2019-01-01
57129MN0180127-00_SBC,57129MN0180127,2019-01-01
57129MN0180128-00_SBC,57129MN0180128,2019-01-01
57129MN0180129-00_SBC,57129MN0180129,2019-01-01
57129MN0180129-00_SBC,57129MN0180129,2019-01-01
57129MN0180130-00_SBC,57129MN0180130,2019-01-01
57129MN0180131-00_SBC,57129MN0180131,2019-01-01
57129MN0180132-00_SBC,57129MN0180132,2019-01-01
57129MN0180133-00_SBC,57129MN0180133,2019-01-01
57129MN0180134-00_SBC,57129MN0180134,2019-01-01
57129MN0180135-00_SBC,57129MN0180135,2019-01-01
57129MN0180136-00_SBC,57129MN0180136,2019-01-01
57129MN0180137-00_SBC,57129MN0180137,2019-01-01
57129MN0180138-00_SBC,57129MN0180138,2019-01-01
57129MN0180139-00_SBC,57129MN0180139,2019-01-01
57129MN0180140-00_SBC,57129MN0180140,2019-01-01
57129MN0180141-00_SBC,57129MN0180141,2019-01-01
57129MN0180142-00_SBC,57129MN0180142,2019-01-01
57129MN0180143-00_SBC,57129MN0180143,2019-01-01
57129MN0180144-00_SBC,57129MN0180144,2019-01-01
57129MN0180145-00_SBC,57129MN0180145,2019-01-01
57129MN0180146-00_SBC,57129MN0180146,2019-01-01
57129MN0180147-00_SBC,57129MN0180147,2019-01-01
57129MN0180148-00_SBC,57129MN0180148,2019-01-01
57129MN0180149-00_SBC,57129MN0180149,2019-01-01
57129MN0180150-00_SBC,57129MN0180150,2019-01-01
57129MN0180151-00_SBC,57129MN0180151,2019-01-01
57129MN0180152-00_SBC,57129MN0180152,2019-01-01
57129MN0180153-00_SBC,57129MN0180153,2019-01-01
57129MN0180154-00_SBC,57129MN0180154,2019-01-01
57129MN0180155-00_SBC,57129MN0180155,2019-01-01
57129MN0180156-00_SBC,57129MN0180156,2019-01-01
57129MN0220001-00_SBC,57129MN0220001,2019-01-01
57129MN0220002-00_SBC,57129MN0220002,2019-01-01
57129MN0220003-00_SBC,57129MN0220003,2019-01-01
57129MN0220004-00_SBC,57129MN0220004,2019-01-01
57129MN0220005-00_SBC,57129MN0220005,2019-01-01
57129MN0220006-00_SBC,57129MN0220006,2019-01-01
57129MN0220007-00_SBC,57129MN0220007,2019-01-01
57129MN0220008-00_SBC,57129MN0220008,2019-01-01
57129MN0220009-00_SBC,57129MN0220009,2019-01-01
57129MN0220010-00_SBC,57129MN0220010,2019-01-01
57129MN0220011-00_SBC,57129MN0220011,2019-01-01
57129MN0220012-00_SBC,57129MN0220012,2019-01-01
57129MN0220013-00_SBC,57129MN0220013,2019-01-01
57129MN0220014-00_SBC,57129MN0220014,2019-01-01
57129MN0220015-00_SBC,57129MN0220015,2019-01-01
57129MN0180002-00_SBC,57129MN0180002,2019-01-01
57129MN0180003-00_SBC,57129MN0180003,2019-01-01
57129MN0180004-00_SBC,57129MN0180004,2019-01-01
57129MN0180006-00_SBC,57129MN0180006,2019-01-01
57129MN0180007-00_SBC,57129MN0180007,2019-01-01
57129MN0180015-00_SBC,57129MN0180015,2019-01-01
57129MN0180016-00_SBC,57129MN0180016,2019-01-01
57129MN0180017-00_SBC,57129MN0180017,2019-01-01
57129MN0180018-00_SBC,57129MN0180018,2019-01-01
57129MN0180019-00_SBC,57129MN0180019,2019-01-01
57129MN0180020-00_SBC,57129MN0180020,2019-01-01
57129MN0180021-00_SBC,57129MN0180021,2019-01-01
57129MN0180022-00_SBC,57129MN0180022,2019-01-01
57129MN0180023-00_SBC,57129MN0180023,2019-01-01
57129MN0180024-00_SBC,57129MN0180024,2019-01-01
57129MN0180025-00_SBC,57129MN0180025,2019-01-01
57129MN0180026-00_SBC,57129MN0180026,2019-01-01
57129MN0180027-00_SBC,57129MN0180027,2019-01-01
57129MN0180028-00_SBC,57129MN0180028,2019-01-01
57129MN0180029-00_SBC,57129MN0180029,2019-01-01
57129MN0180030-00_SBC,57129MN0180030,2019-01-01
57129MN0180031-00_SBC,57129MN0180031,2019-01-01
57129MN0180032-00_SBC,57129MN0180032,2019-01-01
57129MN0180039-00_SBC,57129MN0180039,2019-01-01
57129MN0180040-00_SBC,57129MN0180040,2019-01-01
57129MN0180041-00_SBC,57129MN0180041,2019-01-01
57129MN0180042-00_SBC,57129MN0180042,2019-01-01
57129MN0180043-00_SBC,57129MN0180043,2019-01-01
57129MN0180044-00_SBC,57129MN0180044,2019-01-01
57129MN0180045-00_SBC,57129MN0180045,2019-01-01
57129MN0180046-00_SBC,57129MN0180046,2019-01-01
57129MN0180047-00_SBC,57129MN0180047,2019-01-01
57129MN0180048-00_SBC,57129MN0180048,2019-01-01
57129MN0180049-00_SBC,57129MN0180049,2019-01-01
57129MN0180050-00_SBC,57129MN0180050,2019-01-01
57129MN0180057-00_SBC,57129MN0180057,2019-01-01
57129MN0180058-00_SBC,57129MN0180058,2019-01-01
57129MN0180059-00_SBC,57129MN0180059,2019-01-01
57129MN0180060-00_SBC,57129MN0180060,2019-01-01
57129MN0180061-00_SBC,57129MN0180061,2019-01-01
57129MN0180062-00_SBC,57129MN0180062,2019-01-01
57129MN0180063-00_SBC,57129MN0180063,2019-01-01
57129MN0180064-00_SBC,57129MN0180064,2019-01-01
57129MN0180065-00_SBC,57129MN0180065,2019-01-01
57129MN0180066-00_SBC,57129MN0180066,2019-01-01
57129MN0180067-00_SBC,57129MN0180067,2019-01-01
57129MN0180068-00_SBC,57129MN0180068,2019-01-01
57129MN0180069-00_SBC,57129MN0180069,2019-01-01
57129MN0180070-00_SBC,57129MN0180070,2019-01-01
57129MN0180071-00_SBC,57129MN0180071,2019-01-01
57129MN0180072-00_SBC,57129MN0180072,2019-01-01
57129MN0180073-00_SBC,57129MN0180073,2019-01-01
57129MN0180074-00_SBC,57129MN0180074,2019-01-01
57129MN0180075-00_SBC,57129MN0180075,2019-01-01
57129MN0180076-00_SBC,57129MN0180076,2019-01-01
57129MN0180077-00_SBC,57129MN0180077,2019-01-01
57129MN0180078-00_SBC,57129MN0180078,2019-01-01
57129MN0180079-00_SBC,57129MN0180079,2019-01-01
57129MN0180080-00_SBC,57129MN0180080,2019-01-01
57129MN0180081-00_SBC,57129MN0180081,2019-01-01
57129MN0180082-00_SBC,57129MN0180082,2019-01-01
57129MN0180083-00_SBC,57129MN0180083,2019-01-01
57129MN0180084-00_SBC,57129MN0180084,2019-01-01
57129MN0180085-00_SBC,57129MN0180085,2019-01-01
57129MN0180086-00_SBC,57129MN0180086,2019-01-01
57129MN0180087-00_SBC,57129MN0180087,2019-01-01
57129MN0180088-00_SBC,57129MN0180088,2019-01-01
57129MN0180089-00_SBC,57129MN0180089,2019-01-01
57129MN0180090-00_SBC,57129MN0180090,2019-01-01
57129MN0180091-00_SBC,57129MN0180091,2019-01-01
57129MN0180092-00_SBC,57129MN0180092,2019-01-01
57129MN0180093-00_SBC,57129MN0180093,2019-01-01
57129MN0180094-00_SBC,57129MN0180094,2019-01-01
57129MN0180095-00_SBC,57129MN0180095,2019-01-01
57129MN0180096-00_SBC,57129MN0180096,2019-01-01
57129MN0180097-00_SBC,57129MN0180097,2019-01-01
57129MN0180098-00_SBC,57129MN0180098,2019-01-01
57129MN0180099-00_SBC,57129MN0180099,2019-01-01
57129MN0180100-00_SBC,57129MN0180100,2019-01-01
57129MN0180101-00_SBC,57129MN0180101,2019-01-01
57129MN0180102-00_SBC,57129MN0180102,2019-01-01
57129MN0180103-00_SBC,57129MN0180103,2019-01-01
57129MN0180104-00_SBC,57129MN0180104,2019-01-01
57129MN0180105-00_SBC,57129MN0180105,2019-01-01
57129MN0180106-00_SBC,57129MN0180106,2019-01-01
57129MN0180107-00_SBC,57129MN0180107,2019-01-01
57129MN0180108-00_SBC,57129MN0180108,2019-01-01
57129MN0180109-00_SBC,57129MN0180109,2019-01-01
57129MN0180110-00_SBC,57129MN0180110,2019-01-01
57129MN0180111-00_SBC,57129MN0180111,2019-01-01
57129MN0180112-00_SBC,57129MN0180112,2019-01-01
57129MN0180113-00_SBC,57129MN0180113,2019-01-01
57129MN0180114-00_SBC,57129MN0180114,2019-01-01
57129MN0180115-00_SBC,57129MN0180115,2019-01-01
57129MN0180116-00_SBC,57129MN0180116,2019-01-01
57129MN0180117-00_SBC,57129MN0180117,2019-01-01
57129MN0180118-00_SBC,57129MN0180118,2019-01-01
57129MN0180119-00_SBC,57129MN0180119,2019-01-01
57129MN0180120-00_SBC,57129MN0180120,2019-01-01
57129MN0180121-00_SBC,57129MN0180121,2019-01-01
2019 BlueAccess HSA Bronze $6750 Plan 624_M00648R01_508,49316MN1070001,2019-01-01
2019 BlueAccess HSA Bronze $5500 Plan 620_M00647R01_508,49316MN1070003,2019-01-01
2019 BlueAccess Silver $2500 Plan 623_M00642R01_508,49316MN1070004,2019-01-01
2019 BlueAccess Silver $3000 Plan 625_M00641R01_508,49316MN1070005,2019-01-01
2019 BlueAccess Silver $3800 Plan 627_M00644R01_508,49316MN1070006,2019-01-01
2019 BlueAccess Gold $500 Plan 635_M00638R01_508,49316MN1070010,2019-01-01
2019 BlueAccess Gold $1000 Plan 637_M00640R01_508,49316MN1070011,2019-01-01
2019 BlueAccess HSA Gold $2200 Plan 653_M00646R01_508,49316MN1070018,2019-01-01
2019 BlueAccess Platinum No Deductible Plan 655_M00636R01_508,49316MN1070019,2019-01-01
2019 BlueAccess HSA Silver $4000 Plan 645_M00649R01_508,49316MN1070020,2019-01-01
2019 BlueAccess HSA Silver $2700 Plan 632_M00650R01_508,49316MN1070022,2019-01-01
2019 BlueAccess HSA Silver $4500 Plan 640_M00652R01_508,49316MN1070026,2019-01-01
2019 BlueAccess HSA Silver $3675 Plan 642_M00653R01_508,49316MN1070027,2019-01-01
2019 BlueAccess Bronze $7900 Plan 618_M01904_508,49316MN1070028,2019-01-01
2019 BlueAccess Gold $2000 Plan 652_M01905_508,49316MN1070029,2019-01-01
2019 High Value HSA Bronze $6750 Plan 656_M00660R01_508,57129MN0220001,2019-01-01
2019 High Value HSA Gold $2200 Plan 558_M01931_508,57129MN0220002,2019-01-01
2019 High Value HSA Silver $4000 Plan 660_M00662R01_508,57129MN0220003,2019-01-01
2019 High Value Silver $2500 Plan 662_M00663R01_508,57129MN0220004,2019-01-01
2019 High Value Gold $1000 Plan 664_M00664R01_508,57129MN0220005,2019-01-01
2019 High Value Bronze $7900 Plan 550_M01915_508,57129MN0220006,2019-01-01
2019 High Value Silver $3000 Plan 551_M01916_508,57129MN0220007,2019-01-01
2019 High Value Silver $3800 Plan 552_M01918_508,57129MN0220008,2019-01-01
2019 High Value HSA Silver $2700 Plan 553_M01919_508,57129MN0220009,2019-01-01
2019 High Value HSA Silver $4500 Plan 554_M01927_508,57129MN0220010,2019-01-01
2019 High Value HSA Silver $3675 Plan 555_M01928_508,57129MN0220011,2019-01-01
2019 High Value Gold $500 Plan 556_M01929_508,57129MN0220012,2019-01-01
2019 High Value Gold $2000 Plan 557_M01930_508,57129MN0220013,2019-01-01
2019 High Value HSA Gold $2200 Plan 558_M01931_508,57129MN0220014,2019-01-01
2019 High Value Platinum No Deductible Plan 559_M01932_508,57129MN0220015,2019-01-01
2019 BlueValue HSA Bronze $6750 Plan 676_M00654R01_508,57129MN0180002,2019-01-01
2019 BlueValue HSA Silver $4000 Plan 677_M00655R01_508,57129MN0180003,2019-01-01
2019 BlueValue Silver $2500 Plan 678_M00656R01_508,57129MN0180004,2019-01-01
2019 BlueValue Gold $1000 Plan 680_M00657R01_508,57129MN0180006,2019-01-01
2019 BlueValue Platinum No Deductible Plan 682_M00658R01_508,57129MN0180007,2019-01-01
2019 BlueValue HSA Bronze $6750 Plan 676_M00654R01_508,57129MN0180015,2019-01-01
2019 BlueValue HSA Bronze $6750 Plan 676_M00654R01_508,57129MN0180016,2019-01-01
2019 BlueValue HSA Bronze $6750 Plan 676_M00654R01_508,57129MN0180017,2019-01-01
2019 BlueValue HSA Bronze $6750 Plan 676_M00654R01_508,57129MN0180018,2019-01-01
2019 BlueValue HSA Bronze $6750 Plan 676_M00654R01_508,57129MN0180019,2019-01-01
2019 BlueValue HSA Bronze $6750 Plan 676_M00654R01_508,57129MN0180020,2019-01-01
2019 BlueValue HSA Silver $4000 Plan 677_M00655R01_508,57129MN0180021,2019-01-01
2019 BlueValue HSA Silver $4000 Plan 677_M00655R01_508,57129MN0180022,2019-01-01
2019 BlueValue HSA Silver $4000 Plan 677_M00655R01_508,57129MN0180023,2019-01-01
2019 BlueValue HSA Silver $4000 Plan 677_M00655R01_508,57129MN0180024,2019-01-01
2019 BlueValue HSA Silver $4000 Plan 677_M00655R01_508,57129MN0180025,2019-01-01
2019 BlueValue HSA Silver $4000 Plan 677_M00655R01_508,57129MN0180026,2019-01-01
2019 BlueValue Silver $2500 Plan 678_M00656R01_508,57129MN0180027,2019-01-01
2019 BlueValue Silver $2500 Plan 678_M00656R01_508,57129MN0180028,2019-01-01
2019 BlueValue Silver $2500 Plan 678_M00656R01_508,57129MN0180029,2019-01-01
2019 BlueValue Silver $2500 Plan 678_M00656R01_508,57129MN0180030,2019-01-01
2019 BlueValue Silver $2500 Plan 678_M00656R01_508,57129MN0180031,2019-01-01
2019 BlueValue Silver $2500 Plan 678_M00656R01_508,57129MN0180032,2019-01-01
2019 BlueValue Gold $1000 Plan 680_M00657R01_508,57129MN0180039,2019-01-01
2019 BlueValue Gold $1000 Plan 680_M00657R01_508,57129MN0180040,2019-01-01
2019 BlueValue Gold $1000 Plan 680_M00657R01_508,57129MN0180041,2019-01-01
2019 BlueValue Gold $1000 Plan 680_M00657R01_508,57129MN0180042,2019-01-01
2019 BlueValue Gold $1000 Plan 680_M00657R01_508,57129MN0180043,2019-01-01
2019 BlueValue Gold $1000 Plan 680_M00657R01_508,57129MN0180044,2019-01-01
2019 BlueValue Platinum No Deductible Plan 682_M00658R01_508,57129MN0180045,2019-01-01
2019 BlueValue Platinum No Deductible Plan 682_M00658R01_508,57129MN0180046,2019-01-01
2019 BlueValue Platinum No Deductible Plan 682_M00658R01_508,57129MN0180047,2019-01-01
2019 BlueValue Platinum No Deductible Plan 682_M00658R01_508,57129MN0180048,2019-01-01
2019 BlueValue Platinum No Deductible Plan 682_M00658R01_508,57129MN0180049,2019-01-01
2019 BlueValue Platinum No Deductible Plan 682_M00658R01_508,57129MN0180050,2019-01-01
2019 BlueValue HSA Bronze $5500 Plan 654_M00659R01_508,57129MN0180057,2019-01-01
2019 BlueValue HSA Bronze $5500 Plan 654_M00659R01_508,57129MN0180058,2019-01-01
2019 BlueValue HSA Bronze $5500 Plan 654_M00659R01_508,57129MN0180059,2019-01-01
2019 BlueValue HSA Bronze $5500 Plan 654_M00659R01_508,57129MN0180060,2019-01-01
2019 BlueValue HSA Bronze $5500 Plan 654_M00659R01_508,57129MN0180061,2019-01-01
2019 BlueValue HSA Bronze $5500 Plan 654_M00659R01_508,57129MN0180062,2019-01-01
2019 BlueValue HSA Bronze $5500 Plan 654_M00659R01_508,57129MN0180063,2019-01-01
2019 BlueValue HSA Bronze $5500 Plan 654_M00659R01_508,57129MN0180064,2019-01-01
2019 BlueValue HSA Bronze $5500 Plan 654_M00659R01_508,57129MN0180065,2019-01-01
2019 BlueValue HSA Bronze $6750 Plan 676_M00654R01_508,57129MN0180066,2019-01-01
2019 BlueValue HSA Bronze $6750 Plan 676_M00654R01_508,57129MN0180067,2019-01-01
2019 BlueValue HSA Silver $4000 Plan 677_M00655R01_508,57129MN0180068,2019-01-01
2019 BlueValue HSA Silver $4000 Plan 677_M00655R01_508,57129MN0180069,2019-01-01
2019 BlueValue Silver $2500 Plan 678_M00656R01_508,57129MN0180070,2019-01-01
2019 BlueValue Silver $2500 Plan 678_M00656R01_508,57129MN0180071,2019-01-01
2019 BlueValue Gold $1000 Plan 680_M00657R01_508,57129MN0180072,2019-01-01
2019 BlueValue Gold $1000 Plan 680_M00657R01_508,57129MN0180073,2019-01-01
2019 BlueValue Platinum No Deductible Plan 682_M00658R01_508,57129MN0180074,2019-01-01
2019 BlueValue Platinum No Deductible Plan 682_M00658R01_508,57129MN0180075,2019-01-01
2019 BlueValue Bronze $7900 Plan 540_M01906_508,57129MN0180076,2019-01-01
2019 BlueValue Bronze $7900 Plan 540_M01906_508,57129MN0180077,2019-01-01
2019 BlueValue Bronze $7900 Plan 540_M01906_508,57129MN0180078,2019-01-01
2019 BlueValue Bronze $7900 Plan 540_M01906_508,57129MN0180079,2019-01-01
2019 BlueValue Bronze $7900 Plan 540_M01906_508,57129MN0180080,2019-01-01
2019 BlueValue Bronze $7900 Plan 540_M01906_508,57129MN0180081,2019-01-01
2019 BlueValue Bronze $7900 Plan 540_M01906_508,57129MN0180082,2019-01-01
2019 BlueValue Bronze $7900 Plan 540_M01906_508,57129MN0180083,2019-01-01
2019 BlueValue Bronze $7900 Plan 540_M01906_508,57129MN0180084,2019-01-01
2019 BlueValue Silver $3000 Plan 541_M01907_508,57129MN0180085,2019-01-01
2019 BlueValue Silver $3000 Plan 541_M01907_508,57129MN0180086,2019-01-01
2019 BlueValue Silver $3000 Plan 541_M01907_508,57129MN0180087,2019-01-01
2019 BlueValue Silver $3000 Plan 541_M01907_508,57129MN0180088,2019-01-01
2019 BlueValue Silver $3000 Plan 541_M01907_508,57129MN0180089,2019-01-01
2019 BlueValue Silver $3000 Plan 541_M01907_508,57129MN0180090,2019-01-01
2019 BlueValue Silver $3000 Plan 541_M01907_508,57129MN0180091,2019-01-01
2019 BlueValue Silver $3000 Plan 541_M01907_508,57129MN0180092,2019-01-01
2019 BlueValue Silver $3000 Plan 541_M01907_508,57129MN0180093,2019-01-01
2019 BlueValue Silver $3800 Plan 542_M01908_508,57129MN0180094,2019-01-01
2019 BlueValue Silver $3800 Plan 542_M01908_508,57129MN0180095,2019-01-01
2019 BlueValue Silver $3800 Plan 542_M01908_508,57129MN0180096,2019-01-01
2019 BlueValue Silver $3800 Plan 542_M01908_508,57129MN0180097,2019-01-01
2019 BlueValue Silver $3800 Plan 542_M01908_508,57129MN0180098,2019-01-01
2019 BlueValue Silver $3800 Plan 542_M01908_508,57129MN0180099,2019-01-01
2019 BlueValue Silver $3800 Plan 542_M01908_508,57129MN0180100,2019-01-01
2019 BlueValue Silver $3800 Plan 542_M01908_508,57129MN0180101,2019-01-01
2019 BlueValue Silver $3800 Plan 542_M01908_508,57129MN0180102,2019-01-01
2019 BlueValue HSA Silver $2700 Plan 543_M01909_508,57129MN0180103,2019-01-01
2019 BlueValue HSA Silver $2700 Plan 543_M01909_508,57129MN0180104,2019-01-01
2019 BlueValue HSA Silver $2700 Plan 543_M01909_508,57129MN0180105,2019-01-01
2019 BlueValue HSA Silver $2700 Plan 543_M01909_508,57129MN0180106,2019-01-01
2019 BlueValue HSA Silver $2700 Plan 543_M01909_508,57129MN0180107,2019-01-01
2019 BlueValue HSA Silver $2700 Plan 543_M01909_508,57129MN0180108,2019-01-01
2019 BlueValue HSA Silver $2700 Plan 543_M01909_508,57129MN0180109,2019-01-01
2019 BlueValue HSA Silver $2700 Plan 543_M01909_508,57129MN0180110,2019-01-01
2019 BlueValue HSA Silver $2700 Plan 543_M01909_508,57129MN0180111,2019-01-01
2019 BlueValue HSA Silver $4500 Plan 544_M01910_508,57129MN0180112,2019-01-01
2019 BlueValue HSA Silver $4500 Plan 544_M01910_508,57129MN0180113,2019-01-01
2019 BlueValue HSA Silver $4500 Plan 544_M01910_508,57129MN0180114,2019-01-01
2019 BlueValue HSA Silver $4500 Plan 544_M01910_508,57129MN0180115,2019-01-01
2019 BlueValue HSA Silver $4500 Plan 544_M01910_508,57129MN0180116,2019-01-01
2019 BlueValue HSA Silver $4500 Plan 544_M01910_508,57129MN0180117,2019-01-01
2019 BlueValue HSA Silver $4500 Plan 544_M01910_508,57129MN0180118,2019-01-01
2019 BlueValue HSA Silver $4500 Plan 544_M01910_508,57129MN0180119,2019-01-01
2019 BlueValue HSA Silver $4500 Plan 544_M01910_508,57129MN0180120,2019-01-01
2019 BlueValue HSA Silver $3675 Plan 545_M01911_508,57129MN0180121,2019-01-01
2019 BlueValue HSA Silver $3675 Plan 545_M01911_508,57129MN0180122,2019-01-01
2019 BlueValue HSA Silver $3675 Plan 545_M01911_508,57129MN0180123,2019-01-01
2019 BlueValue HSA Silver $3675 Plan 545_M01911_508,57129MN0180124,2019-01-01
2019 BlueValue HSA Silver $3675 Plan 545_M01911_508,57129MN0180125,2019-01-01
2019 BlueValue HSA Silver $3675 Plan 545_M01911_508,57129MN0180126,2019-01-01
2019 BlueValue HSA Silver $3675 Plan 545_M01911_508,57129MN0180127,2019-01-01
2019 BlueValue HSA Silver $3675 Plan 545_M01911_508,57129MN0180128,2019-01-01
2019 BlueValue HSA Silver $3675 Plan 545_M01911_508,57129MN0180129,2019-01-01
2019 BlueValue Gold $500 Plan 546_M01912_508,57129MN0180130,2019-01-01
2019 BlueValue Gold $500 Plan 546_M01912_508,57129MN0180131,2019-01-01
2019 BlueValue Gold $500 Plan 546_M01912_508,57129MN0180132,2019-01-01
2019 BlueValue Gold $500 Plan 546_M01912_508,57129MN0180133,2019-01-01
2019 BlueValue Gold $500 Plan 546_M01912_508,57129MN0180134,2019-01-01
2019 BlueValue Gold $500 Plan 546_M01912_508,57129MN0180135,2019-01-01
2019 BlueValue Gold $500 Plan 546_M01912_508,57129MN0180136,2019-01-01
2019 BlueValue Gold $500 Plan 546_M01912_508,57129MN0180137,2019-01-01
2019 BlueValue Gold $500 Plan 546_M01912_508,57129MN0180138,2019-01-01
2019 BlueValue Gold $2000 Plan 547_M01913_508,57129MN0180139,2019-01-01
2019 BlueValue Gold $2000 Plan 547_M01913_508,57129MN0180140,2019-01-01
2019 BlueValue Gold $2000 Plan 547_M01913_508,57129MN0180141,2019-01-01
2019 BlueValue Gold $2000 Plan 547_M01913_508,57129MN0180142,2019-01-01
2019 BlueValue Gold $2000 Plan 547_M01913_508,57129MN0180143,2019-01-01
2019 BlueValue Gold $2000 Plan 547_M01913_508,57129MN0180144,2019-01-01
2019 BlueValue Gold $2000 Plan 547_M01913_508,57129MN0180145,2019-01-01
2019 BlueValue Gold $2000 Plan 547_M01913_508,57129MN0180146,2019-01-01
2019 BlueValue Gold $2000 Plan 547_M01913_508,57129MN0180147,2019-01-01
2019 BlueValue HSA Gold $2200 Plan 548_M01914_508,57129MN0180148,2019-01-01
2019 BlueValue HSA Gold $2200 Plan 548_M01914_508,57129MN0180149,2019-01-01
2019 BlueValue HSA Gold $2200 Plan 548_M01914_508,57129MN0180150,2019-01-01
2019 BlueValue HSA Gold $2200 Plan 548_M01914_508,57129MN0180151,2019-01-01
2019 BlueValue HSA Gold $2200 Plan 548_M01914_508,57129MN0180152,2019-01-01
2019 BlueValue HSA Gold $2200 Plan 548_M01914_508,57129MN0180153,2019-01-01
2019 BlueValue HSA Gold $2200 Plan 548_M01914_508,57129MN0180154,2019-01-01
2019 BlueValue HSA Gold $2200 Plan 548_M01914_508,57129MN0180155,2019-01-01
2019 BlueValue HSA Gold $2200 Plan 548_M01914_508,57129MN0180156,2019-01-01