SG Value Standard Exam and Eyewear Option 2_508 (d9eed551-5b7d-4d7f-85ff-fdb17d7521a1).pdf,2101401798,2020-01-01
SG Value Standard Exam and Eyewear Option 1_508 (44d1937a-cc3a-4d71-9dfd-f4a3e5045617).pdf,2101404470,2020-01-01
SG Value Enhanced Eyewear Only Option 1_508.pdf,2104720439,2020-01-01
SG Value Enhanced Eyewear Only Option 2_508.pdf,2104721027,2020-01-01
SG Premier Enhanced Eyewear Only Option 1_508.pdf,2104736531,2020-01-01
SG Premier Enhanced Eyewear Only Option 2_508.pdf,2104736870,2020-01-01
SG Value Standard Exam and Eyewear Option 2_508 (d9eed551-5b7d-4d7f-85ff-fdb17d7521a1).pdf,2101401800,2020-02-01
SG Value Standard Exam and Eyewear Option 1_508 (44d1937a-cc3a-4d71-9dfd-f4a3e5045617).pdf,2101404472,2020-02-01
SG Value Enhanced Eyewear Only Option 1_508.pdf,2104720443,2020-02-01
SG Value Enhanced Eyewear Only Option 2_508.pdf,2104721028,2020-02-01
SG Premier Enhanced Eyewear Only Option 1_508.pdf,2104736532,2020-02-01
SG Premier Enhanced Eyewear Only Option 2_508.pdf,2104736871,2020-02-01
SG Value Standard Exam and Eyewear Option 2_508 (d9eed551-5b7d-4d7f-85ff-fdb17d7521a1).pdf,2101401801,2020-03-01
SG Value Standard Exam and Eyewear Option 1_508 (44d1937a-cc3a-4d71-9dfd-f4a3e5045617).pdf,2101404477,2020-03-01
SG Value Enhanced Eyewear Only Option 1_508.pdf,2104720444,2020-03-01
SG Value Enhanced Eyewear Only Option 2_508.pdf,2104721029,2020-03-01
SG Premier Enhanced Eyewear Only Option 1_508.pdf,2104736533,2020-03-01
SG Premier Enhanced Eyewear Only Option 2_508.pdf,2104736872,2020-03-01
SG Value Standard Exam and Eyewear Option 2_508 (d9eed551-5b7d-4d7f-85ff-fdb17d7521a1).pdf,2101401802,2020-04-01
SG Value Standard Exam and Eyewear Option 1_508 (44d1937a-cc3a-4d71-9dfd-f4a3e5045617).pdf,2101404480,2020-04-01
SG Value Enhanced Eyewear Only Option 1_508.pdf,2104720446,2020-04-01
SG Value Enhanced Eyewear Only Option 2_508.pdf,2104721030,2020-04-01
SG Premier Enhanced Eyewear Only Option 1_508.pdf,2104736534,2020-04-01
SG Premier Enhanced Eyewear Only Option 2_508.pdf,2104736873,2020-04-01
SG Value Standard Exam and Eyewear Option 2_508 (d9eed551-5b7d-4d7f-85ff-fdb17d7521a1).pdf,2101401803,2020-05-01
SG Value Standard Exam and Eyewear Option 1_508 (44d1937a-cc3a-4d71-9dfd-f4a3e5045617).pdf,2101404490,2020-05-01
SG Value Enhanced Eyewear Only Option 1_508.pdf,2104720447,2020-05-01
SG Value Enhanced Eyewear Only Option 2_508.pdf,2104721031,2020-05-01
SG Premier Enhanced Eyewear Only Option 1_508.pdf,2104736550,2020-05-01
SG Premier Enhanced Eyewear Only Option 2_508.pdf,2104736874,2020-05-01
SG Value Standard Exam and Eyewear Option 2_508 (d9eed551-5b7d-4d7f-85ff-fdb17d7521a1).pdf,2101401805,2020-06-01
SG Value Standard Exam and Eyewear Option 1_508 (44d1937a-cc3a-4d71-9dfd-f4a3e5045617).pdf,2101404496,2020-06-01
SG Value Enhanced Eyewear Only Option 1_508.pdf,2104720448,2020-06-01
SG Value Enhanced Eyewear Only Option 2_508.pdf,2104721033,2020-06-01
SG Premier Enhanced Eyewear Only Option 1_508.pdf,2104736551,2020-06-01
SG Premier Enhanced Eyewear Only Option 2_508.pdf,2104736875,2020-06-01