M00503R03_2019 Small Group Dental Sheet - Preferred_508,Z7FK41,2019-04-01
M00503R03_2019 Small Group Dental Sheet - Preferred_508,9868KK,2019-04-01
M00503R03_2019 Small Group Dental Sheet - Preferred_508,Z7FK41,2019-03-01
M00503R03_2019 Small Group Dental Sheet - Preferred_508,9868KK,2019-03-01
M00503R03_2019 Small Group Dental Sheet - Preferred_508,Z7FK41,2019-02-01
M00503R03_2019 Small Group Dental Sheet - Preferred_508,9868KK,2019-02-01
M00503R03_2019 Small Group Dental Sheet - Preferred_508,Z7FK41,2019-01-01
M00503R03_2019 Small Group Dental Sheet - Preferred_508,9868KK,2019-01-01
M00503R03_2019 Small Group Dental Sheet - Preferred_508,MTFSWY,2019-06-01
M00503R03_2019 Small Group Dental Sheet - Preferred_508,JQ1C55,2019-06-01
M00503R03_2019 Small Group Dental Sheet - Preferred_508,MTFSWY,2019-05-01
M00503R03_2019 Small Group Dental Sheet - Preferred_508,JQ1C55,2019-05-01
M00503R03_2019 Small Group Dental Sheet - Preferred_508,MTFSWY,2019-04-01
M00503R03_2019 Small Group Dental Sheet - Preferred_508,JQ1C55,2019-04-01
M00503R03_2019 Small Group Dental Sheet - Preferred_508,MTFSWY,2019-03-01
M00503R03_2019 Small Group Dental Sheet - Preferred_508,JQ1C55,2019-03-01
M00503R03_2019 Small Group Dental Sheet - Preferred_508,MTFSWY,2019-02-01
M00503R03_2019 Small Group Dental Sheet - Preferred_508,JQ1C55,2019-02-01
M00503R03_2019 Small Group Dental Sheet - Preferred_508,MTFSWY,2019-01-01
M00503R03_2019 Small Group Dental Sheet - Preferred_508,JQ1C55,2019-01-01
M00503R03_2019 Small Group Dental Sheet - Preferred_508,L6MCXR,2019-06-01
M00503R03_2019 Small Group Dental Sheet - Preferred_508,DA16O5,2019-06-01
M00503R03_2019 Small Group Dental Sheet - Preferred_508,L6MCXR,2019-05-01
M00503R03_2019 Small Group Dental Sheet - Preferred_508,DA16O5,2019-05-01
M00503R03_2019 Small Group Dental Sheet - Preferred_508,L6MCXR,2019-04-01
M00503R03_2019 Small Group Dental Sheet - Preferred_508,DA16O5,2019-04-01
M00503R03_2019 Small Group Dental Sheet - Preferred_508,L6MCXR,2019-03-01
M00503R03_2019 Small Group Dental Sheet - Preferred_508,DA16O5,2019-03-01
M00503R03_2019 Small Group Dental Sheet - Preferred_508,L6MCXR,2019-02-01
M00503R03_2019 Small Group Dental Sheet - Preferred_508,DA16O5,2019-02-01
M00503R03_2019 Small Group Dental Sheet - Preferred_508,L6MCXR,2019-01-01
M00503R03_2019 Small Group Dental Sheet - Preferred_508,DA16O5,2019-01-01
M00503R03_2019 Small Group Dental Sheet - Preferred_508,LHF9IY,2019-06-01
M00503R03_2019 Small Group Dental Sheet - Preferred_508,ENXVE4,2019-06-01
M00503R03_2019 Small Group Dental Sheet - Preferred_508,LHF9IY,2019-05-01
M00503R03_2019 Small Group Dental Sheet - Preferred_508,ENXVE4,2019-05-01
M00503R03_2019 Small Group Dental Sheet - Preferred_508,LHF9IY,2019-04-01
M00503R03_2019 Small Group Dental Sheet - Preferred_508,ENXVE4,2019-04-01
M00503R03_2019 Small Group Dental Sheet - Preferred_508,LHF9IY,2019-03-01
M00503R03_2019 Small Group Dental Sheet - Preferred_508,ENXVE4,2019-03-01
M00503R03_2019 Small Group Dental Sheet - Preferred_508,LHF9IY,2019-02-01
M00503R03_2019 Small Group Dental Sheet - Preferred_508,ENXVE4,2019-02-01
M00503R03_2019 Small Group Dental Sheet - Preferred_508,LHF9IY,2019-01-01
M00503R03_2019 Small Group Dental Sheet - Preferred_508,ENXVE4,2019-01-01
M00504R03_2019 Small Group Dental Sheet - Freedom_508,PX9PW8,2019-06-01
M00504R03_2019 Small Group Dental Sheet - Freedom_508,JYJSIF,2019-06-01
M00504R03_2019 Small Group Dental Sheet - Freedom_508,PX9PW8,2019-05-01
M00504R03_2019 Small Group Dental Sheet - Freedom_508,JYJSIF,2019-05-01
M00504R03_2019 Small Group Dental Sheet - Freedom_508,PX9PW8,2019-04-01
M00504R03_2019 Small Group Dental Sheet - Freedom_508,JYJSIF,2019-04-01
M00504R03_2019 Small Group Dental Sheet - Freedom_508,PX9PW8,2019-03-01
M00504R03_2019 Small Group Dental Sheet - Freedom_508,JYJSIF,2019-03-01
M00504R03_2019 Small Group Dental Sheet - Freedom_508,PX9PW8,2019-02-01
M00504R03_2019 Small Group Dental Sheet - Freedom_508,JYJSIF,2019-02-01
M00504R03_2019 Small Group Dental Sheet - Freedom_508,PX9PW8,2019-01-01
M00504R03_2019 Small Group Dental Sheet - Freedom_508,JYJSIF,2019-01-01
M00504R03_2019 Small Group Dental Sheet - Freedom_508,M1V69E,2019-06-01
M00504R03_2019 Small Group Dental Sheet - Freedom_508,7FWI03,2019-06-01
M00504R03_2019 Small Group Dental Sheet - Freedom_508,M1V69E,2019-05-01
M00504R03_2019 Small Group Dental Sheet - Freedom_508,7FWI03,2019-05-01
M00504R03_2019 Small Group Dental Sheet - Freedom_508,M1V69E,2019-04-01
M00504R03_2019 Small Group Dental Sheet - Freedom_508,7FWI03,2019-04-01
M00504R03_2019 Small Group Dental Sheet - Freedom_508,M1V69E,2019-03-01
M00504R03_2019 Small Group Dental Sheet - Freedom_508,7FWI03,2019-03-01
M00504R03_2019 Small Group Dental Sheet - Freedom_508,M1V69E,2019-02-01
M00504R03_2019 Small Group Dental Sheet - Freedom_508,7FWI03,2019-02-01
M00504R03_2019 Small Group Dental Sheet - Freedom_508,M1V69E,2019-01-01
M00504R03_2019 Small Group Dental Sheet - Freedom_508,7FWI03,2019-01-01
M00503R03_2019 Small Group Dental Sheet - Preferred_508,X4GUJ4,2019-06-01
M00503R03_2019 Small Group Dental Sheet - Preferred_508,NA5,2019-06-01
M00503R03_2019 Small Group Dental Sheet - Preferred_508,E6SLG5,2019-06-01
M00503R03_2019 Small Group Dental Sheet - Preferred_508,2ZD66Y,2019-06-01
M00503R03_2019 Small Group Dental Sheet - Preferred_508,X4GUJ4,2019-05-01
M00503R03_2019 Small Group Dental Sheet - Preferred_508,NA5,2019-05-01
M00503R03_2019 Small Group Dental Sheet - Preferred_508,E6SLG5,2019-05-01
M00503R03_2019 Small Group Dental Sheet - Preferred_508,2ZD66Y,2019-05-01
M00503R03_2019 Small Group Dental Sheet - Preferred_508,X4GUJ4,2019-04-01
M00503R03_2019 Small Group Dental Sheet - Preferred_508,NA5,2019-04-01
M00503R03_2019 Small Group Dental Sheet - Preferred_508,E6SLG5,2019-04-01
M00503R03_2019 Small Group Dental Sheet - Preferred_508,2ZD66Y,2019-04-01