49316MN1070026-00_SBC,49316MN1070026,2019-01-01
49316MN1070022-00_SBC,49316MN1070022,2019-01-01
49316MN1070020-00_SBC,49316MN1070020,2019-01-01
49316MN1070019-00_SBC,49316MN1070019,2019-01-01
49316MN1070018-00_SBC,49316MN1070018,2019-01-01
49316MN1070011-00_SBC,49316MN1070011,2019-01-01
49316MN1070010-00_SBC,49316MN1070010,2019-01-01
49316MN1070006-00_SBC,49316MN1070006,2019-01-01
49316MN1070005-00_SBC,49316MN1070005,2019-01-01
49316MN1070004-00_SBC,49316MN1070004,2019-01-01
49316MN1070003-00_SBC,49316MN1070003,2019-01-01
49316MN1070001-00_SBC,49316MN1070001,2019-01-01
M00974R01_2019 Small Group Vision Value Standard Option 2 with Exam_508,2101401813,2019-12-01
M00974R01_2019 Small Group Vision Value Standard Option 2 with Exam_508,2101401812,2019-11-01
M00974R01_2019 Small Group Vision Value Standard Option 2 with Exam_508,2101401810,2019-10-01
M00974R01_2019 Small Group Vision Value Standard Option 2 with Exam_508,2101401809,2019-09-01
M00974R01_2019 Small Group Vision Value Standard Option 2 with Exam_508,2101401808,2019-08-01
M00974R01_2019 Small Group Vision Value Standard Option 2 with Exam_508,2101401806,2019-07-01
M00974R01_2019 Small Group Vision Value Standard Option 2 with Exam_508,2101401805,2019-06-01
M00974R01_2019 Small Group Vision Value Standard Option 2 with Exam_508,2101401803,2019-05-01
M00974R01_2019 Small Group Vision Value Standard Option 2 with Exam_508,2101401802,2019-04-01
M00974R01_2019 Small Group Vision Value Standard Option 2 with Exam_508,2101401801,2019-03-01
M00974R01_2019 Small Group Vision Value Standard Option 2 with Exam_508,2101401800,2019-02-01
M00974R01_2019 Small Group Vision Value Standard Option 2 with Exam_508,2101401798,2019-01-01
M00973R01_2019 Small Group Vision Value Standard Option 1 with Exam_508,2101404527,2019-12-01
M00973R01_2019 Small Group Vision Value Standard Option 1 with Exam_508,2101404525,2019-11-01
M00973R01_2019 Small Group Vision Value Standard Option 1 with Exam_508,2101404524,2019-10-01
M00973R01_2019 Small Group Vision Value Standard Option 1 with Exam_508,2101404517,2019-09-01
M00973R01_2019 Small Group Vision Value Standard Option 1 with Exam_508,2101404515,2019-08-01
M00973R01_2019 Small Group Vision Value Standard Option 1 with Exam_508,2101404511,2019-07-01
M00973R01_2019 Small Group Vision Value Standard Option 1 with Exam_508,2101404496,2019-06-01
M00973R01_2019 Small Group Vision Value Standard Option 1 with Exam_508,2101404490,2019-05-01
M00973R01_2019 Small Group Vision Value Standard Option 1 with Exam_508,2101404480,2019-04-01
M00973R01_2019 Small Group Vision Value Standard Option 1 with Exam_508,2101404477,2019-03-01
M00973R01_2019 Small Group Vision Value Standard Option 1 with Exam_508,2101404472,2019-02-01
M00973R01_2019 Small Group Vision Value Standard Option 1 with Exam_508,2101404470,2019-01-01
M00523R02_2019 Small Group Vision - Value Enhanced Eyewear Plan - Option 2 Member Sell Sheet_508,2104721045,2019-12-01
M00522R02_2019 Small Group Vision Value Enhanced Eyewear Option 1_508,2104720457,2019-12-01
M00523R02_2019 Small Group Vision - Value Enhanced Eyewear Plan - Option 2 Member Sell Sheet_508,2104721044,2019-11-01
M00522R02_2019 Small Group Vision Value Enhanced Eyewear Option 1_508,2104720456,2019-11-01
M00523R02_2019 Small Group Vision - Value Enhanced Eyewear Plan - Option 2 Member Sell Sheet_508,2104721043,2019-10-01
M00522R02_2019 Small Group Vision Value Enhanced Eyewear Option 1_508,2104720455,2019-10-01
M00523R02_2019 Small Group Vision - Value Enhanced Eyewear Plan - Option 2 Member Sell Sheet_508,2104721042,2019-09-01
M00522R02_2019 Small Group Vision Value Enhanced Eyewear Option 1_508,2104720454,2019-09-01
M00523R02_2019 Small Group Vision - Value Enhanced Eyewear Plan - Option 2 Member Sell Sheet_508,2104721041,2019-08-01
M00522R02_2019 Small Group Vision Value Enhanced Eyewear Option 1_508,2104720452,2019-08-01
M00523R02_2019 Small Group Vision - Value Enhanced Eyewear Plan - Option 2 Member Sell Sheet_508,2104721035,2019-07-01
M00522R02_2019 Small Group Vision Value Enhanced Eyewear Option 1_508,2104720449,2019-07-01
M00523R02_2019 Small Group Vision - Value Enhanced Eyewear Plan - Option 2 Member Sell Sheet_508,2104721033,2019-06-01
M00522R02_2019 Small Group Vision Value Enhanced Eyewear Option 1_508,2104720448,2019-06-01
M00523R02_2019 Small Group Vision - Value Enhanced Eyewear Plan - Option 2 Member Sell Sheet_508,2104721031,2019-05-01
M00522R02_2019 Small Group Vision Value Enhanced Eyewear Option 1_508,2104720447,2019-05-01
M00523R02_2019 Small Group Vision - Value Enhanced Eyewear Plan - Option 2 Member Sell Sheet_508,2104721030,2019-04-01
M00522R02_2019 Small Group Vision Value Enhanced Eyewear Option 1_508,2104720446,2019-04-01
M00523R02_2019 Small Group Vision - Value Enhanced Eyewear Plan - Option 2 Member Sell Sheet_508,2104721029,2019-03-01
M00522R02_2019 Small Group Vision Value Enhanced Eyewear Option 1_508,2104720444,2019-03-01
M00523R02_2019 Small Group Vision - Value Enhanced Eyewear Plan - Option 2 Member Sell Sheet_508,2104721028,2019-02-01
M00522R02_2019 Small Group Vision Value Enhanced Eyewear Option 1_508,2104720443,2019-02-01
M00523R02_2019 Small Group Vision - Value Enhanced Eyewear Plan - Option 2 Member Sell Sheet_508,2104721027,2019-01-01
M00522R02_2019 Small Group Vision Value Enhanced Eyewear Option 1_508,2104720439,2019-01-01
M00521R02_2019 Small Group Vision - Premier  Enhanced Eyewear Plan - Option 2 Member Sell Sheet_508,2104736881,2019-12-01
M00521R02_2019 Small Group Vision - Premier  Enhanced Eyewear Plan - Option 2 Member Sell Sheet_508,2104736880,2019-11-01
M00521R02_2019 Small Group Vision - Premier  Enhanced Eyewear Plan - Option 2 Member Sell Sheet_508,2104736879,2019-10-01
M00521R02_2019 Small Group Vision - Premier  Enhanced Eyewear Plan - Option 2 Member Sell Sheet_508,2104736878,2019-09-01
M00521R02_2019 Small Group Vision - Premier  Enhanced Eyewear Plan - Option 2 Member Sell Sheet_508,2104736877,2019-08-01
M00521R02_2019 Small Group Vision - Premier  Enhanced Eyewear Plan - Option 2 Member Sell Sheet_508,2104736876,2019-07-01
M00521R02_2019 Small Group Vision - Premier  Enhanced Eyewear Plan - Option 2 Member Sell Sheet_508,2104736875,2019-06-01
M00521R02_2019 Small Group Vision - Premier  Enhanced Eyewear Plan - Option 2 Member Sell Sheet_508,2104736874,2019-05-01
M00521R02_2019 Small Group Vision - Premier  Enhanced Eyewear Plan - Option 2 Member Sell Sheet_508,2104736873,2019-04-01
M00521R02_2019 Small Group Vision - Premier  Enhanced Eyewear Plan - Option 2 Member Sell Sheet_508,2104736872,2019-03-01
M00521R02_2019 Small Group Vision - Premier  Enhanced Eyewear Plan - Option 2 Member Sell Sheet_508,2104736871,2019-02-01
M00521R02_2019 Small Group Vision - Premier  Enhanced Eyewear Plan - Option 2 Member Sell Sheet_508,2104736870,2019-01-01
M00520R02_2019 Small Group Vision Premier Enhanced Eyewear Option 1 Member Sell Sheet_508,2104736561,2019-12-01
M00520R02_2019 Small Group Vision Premier Enhanced Eyewear Option 1 Member Sell Sheet_508,2104736558,2019-11-01
M00520R02_2019 Small Group Vision Premier Enhanced Eyewear Option 1 Member Sell Sheet_508,2104736555,2019-10-01
M00520R02_2019 Small Group Vision Premier Enhanced Eyewear Option 1 Member Sell Sheet_508,2104736554,2019-09-01
M00520R02_2019 Small Group Vision Premier Enhanced Eyewear Option 1 Member Sell Sheet_508,2104736553,2019-08-01
M00520R02_2019 Small Group Vision Premier Enhanced Eyewear Option 1 Member Sell Sheet_508,2104736552,2019-07-01
M00520R02_2019 Small Group Vision Premier Enhanced Eyewear Option 1 Member Sell Sheet_508,2104736551,2019-06-01
M00520R02_2019 Small Group Vision Premier Enhanced Eyewear Option 1 Member Sell Sheet_508,2104736550,2019-05-01